query,result_title,result_summary,expected_tag,llm_tag,llm_reason,confidence,is_collision,is_correct
孕妇 可用 护肤品,平价 补水 保湿 护肤品 推荐,学生党必备的水乳套装，好用不贵。,丢词搜不准,丢词搜不准,1.排查跨界与多义词：查询词“孕妇 可用 护肤品”与结果“平价 补水 保湿 护肤品 推荐”均属于护肤品/美妆个护领域，无跨界，也无“护肤品”一词多义问题。2.套用8个经典判例比对：查询词核心诉求是寻找“孕妇可用”的护肤品，核心实体是“护肤品”，但带有严格的“孕妇可用”限制条件。结果标题和摘要推荐的是“平价”“补水保湿”“学生党必备”的护肤品，完全丢失了“孕妇可用”这一关键限制词。这符合判例7（2024跨年变2023跨年）和判例8（婴儿浴巾变家用成人浴巾）的模式，即主语（护肤品）和核心动作（寻找/推荐）未变，但丢失了修饰主语的【具体限制词/定语】（“孕妇可用”）。根据丢词防坑红线，“孕妇可用”是明确的限制词/定语，不是主语本身。3.得出最终结论：此案例属于典型的【丢词搜不准（纵向降维）】。,95,False,True
大学 英语 四级 真题,计算机 二级 题库 下载,大学生毕业必备技能证书考试冲刺。,推荐同领域内容,推荐同领域内容,1.排查跨界与多义词：查询词“大学英语四级真题”属于【教育/考试】领域，具体为英语语言能力测试。标题“计算机二级题库下载”属于【教育/考试】领域，具体为计算机技能测试。两者宏观领域一致（教育考试），无跨界，也无“一词多义”问题（如“四级”不涉及歧义）。2.套用8个经典判例比对：查询词核心诉求是获取“英语四级”的“真题”（考试原题），核心实体是“英语四级考试”。标题提供的是“计算机二级”的“题库”（练习题目），核心实体变为“计算机二级考试”。这类似于判例1（猫咪吐毛球 → 狗狗护理）：用户的【核心动作/诉求】没变（都是获取考试资料），但【核心实体】被替换成了同分类下的其他兄弟实体（从英语考试变计算机考试）。这符合“同领域”定义中的“同级替换”。3.得出最终结论：属于【推荐同领域内容（平行实体替换）】，因为核心任务（找考试资料）一致，仅实体从英语四级变为计算机二级（同级考试替换）。,90,False,True
护照 办理 流程,中国 护照 的 演变 历史,从清朝到现代，一张小本子背后的国家实力。,推荐场景衍生内容,推荐场景衍生内容,1.排查跨界与多义词：Query“护照办理流程”与Title“中国护照的演变历史”均属于“护照”这一宏观领域（证件/出入境事务），无跨界，也无“护照”一词多义问题。2.套用8个经典判例比对：Query核心诉求是“办理流程”（动作：如何办理、步骤指南），Title提供的是“演变历史”（内容：历史发展、背景知识）。这类似于判例4（“流浪地球2导演”变“郭帆作品合集”）或判例5（“周生如故结局”变“周生如故幕后花絮”），核心实体“护照”未变，但用户诉求从“获取操作指南”偏移为“了解历史背景”，属于【核心动作/诉求】发生明显偏移。3.得出最终结论：符合“推荐场景衍生内容”定义，即宏观领域一致，但用户要解决的问题（任务/动作）发生了偏移。,90,False,True
西湖 龙井 怎么泡,武夷 大红袍 冲泡 技法,中国传统名茶的品鉴与水温控制。,推荐同领域内容,推荐同领域内容,1.排查跨界与多义词：查询'西湖龙井怎么泡'与结果'武夷大红袍冲泡技法'均属于【茶叶/茶文化】这一超大行业，无跨界。查询中的'西湖龙井'和结果中的'武夷大红袍'均为具体茶叶品种，不存在一词多义导致的概念偷换。2.套用8个经典判例比对：宏观领域一致，进入核心诉求与实体的二维判断。查询的核心诉求是'怎么泡'（冲泡方法），结果的核心诉求也是'冲泡技法'，诉求完全一致。但核心实体从'西湖龙井'（一种绿茶）被替换为'武夷大红袍'（一种乌龙茶）。这类似于判例1（猫咪吐毛球→狗狗护理）和判例3（剪映教程→PR教程），属于用户的【核心动作/诉求】没变（都是冲泡茶叶），仅仅是【核心实体】被替换成了同分类（茶叶）下的其他兄弟实体（不同茶叶品种，可视为竞品替换）。因此，符合类别A【推荐同领域内容（平行实体替换）】的定义。3.得出最终结论：不属于场景衍生（诉求未偏移），也不属于丢词搜不准（未丢失修饰主语的限制词，如'西湖'是实体'龙井'的一部分而非修饰词，且未丢失'泡'这一核心动作）。,90,False,True
跑步机 品牌 推荐,椭圆机 选购 指南,家用健身器材怎么选？保护膝盖神器。,推荐同领域内容,推荐同领域内容,1.排查跨界与多义词：查询词'跑步机 品牌 推荐'与结果'椭圆机 选购 指南'均属于【家用健身器材】这一超大行业/超大类目，宏观领域一致，不存在跨界或多义词问题。2.套用8个经典判例比对：查询词的核心诉求是'推荐跑步机品牌'，核心实体是'跑步机'；结果的核心诉求是'选购椭圆机指南'，核心实体是'椭圆机'。这既不符合判例1-3的'同领域'（核心动作/诉求没变，仅实体替换），因为核心实体从跑步机变成了椭圆机，但两者都是家用健身器材，属于同级替换；也不符合判例4-6的'场景衍生'（核心实体没变，诉求偏移），因为核心实体变了；更不符合判例7-8的'丢词搜不准'（主语没变，仅丢修饰词），因为主语从跑步机变成了椭圆机。根据核心原则，'同领域'必须是用户核心任务目标完全一致，仅具体对象发生同级替换。这里用户的核心任务目标都是'获取家用健身器材的购买建议'，具体对象从跑步机替换为椭圆机（两者都是家用有氧健身器材，属于同级替换）。这类似于判例3'剪映教程'变'PR教程'（竞品/同级工具替换）。3.得出最终结论：属于【推荐同领域内容（平行实体替换）】。,90,False,True
第五人格 屠夫,多重 人格 精神分裂 症,心理学深度解析：一个人真的能有五种性格吗？,query理解有误,query理解有误,1.排查跨界与多义词：Query '第五人格 屠夫' 中的'第五人格'是一款非对称竞技手游，'屠夫'是游戏中的监管者角色。Title '多重 人格 精神分裂 症' 和 Summary '心理学深度解析：一个人真的能有五种性格吗？' 属于心理学/精神医学领域。两者宏观领域完全不同——一个是游戏娱乐，一个是医学心理学，属于完全跨界。2.套用8个经典判例比对：检查是否存在一词多义导致的概念偷换。'人格'一词存在多义性：在Query中指游戏名称《第五人格》，在Title/Summary中指心理学概念'多重人格障碍'。这符合判例中'一词多义导致的概念偷换'（如'苹果'水果变手机）。3.得出最终结论：由于存在核心多义词'人格'的歧义，导致搜索系统将游戏相关Query误解为心理学概念，应判为【query理解有误】。,95,False,True
小米 粥 怎么 熬,小米 SU7 试驾 体验,雷军打造的年轻人的第一台轿车到底如何？,query理解有误,query理解有误,1.排查跨界与多义词：查询词'小米 粥 怎么 熬'中的'小米'指谷物，而结果标题'小米 SU7 试驾 体验'中的'小米'指数码/汽车品牌，属于典型的一词多义导致的概念偷换。2.套用8个经典判例比对：此情况与判例大纲中'存在一词多义导致的概念偷换（如苹果水果变手机、小米谷物变数码）'完全一致，应判【query理解有误】。3.得出最终结论：用户查询的是烹饪谷物粥的方法，结果返回的是汽车试驾内容，核心任务目标（烹饪 vs. 汽车体验）完全不同，属于query理解错误。,95,False,True
2024 跨年 晚会,2023 湖南卫视 跨年 演唱会,何炅汪涵领衔，超强明星阵容陪你跨越新年。,丢词搜不准,丢词搜不准,1.排查跨界与多义词：查询“2024跨年晚会”与结果“2023湖南卫视跨年演唱会”均属于“跨年庆祝活动/晚会”这一超大行业类目，无跨界，也无多义词歧义。2.套用8个经典判例比对：查询与结果的核心动作/诉求均为“观看跨年晚会”，核心实体（晚会）未变，但丢失了关键修饰词“2024”并替换为“2023”，同时增加了“湖南卫视”这一具体平台限制。这符合判例7（2024跨年变2023跨年）的模式，属于丢失了具体年份限制词。注意：主语“跨年晚会”未变，动作“观看”未变，仅修饰词（年份）丢失，符合“丢词搜不准”定义。3.得出最终结论：此案例为典型的修饰词丢失（纵向降维），应归因为“丢词搜不准”。,95,False,True
婴儿 奶粉 哪个牌子好,汽车 轮胎 保养 周期,固特异与米其林轮胎的耐磨性对比。,完全不相关,完全不相关,1.排查跨界与多义词：Query“婴儿 奶粉 哪个牌子好”属于母婴/婴幼儿喂养领域，核心是婴儿奶粉品牌推荐。Title“汽车 轮胎 保养 周期”属于汽车/车辆养护领域，核心是汽车轮胎保养周期。两者宏观领域完全不同，一个是母婴产品，一个是汽车配件，毫无交集。检查是否存在一词多义导致的概念偷换：Query中的“奶粉”指婴幼儿配方奶粉，Title中的“轮胎”指汽车轮胎，两者都是具体产品名词，没有多义词歧义（例如“苹果”水果变手机、“小米”谷物变数码）。这是纯粹的跨界，无核心多义词问题。2.套用8个经典判例比对：判例中“蔡徐坤”变“原神”或“回家”和“家中”字面重合但无关，属于【完全不相关】。本例类似，Query与Title领域完全无关，无多义词偷换。3.得出最终结论：符合【完全不相关】定义，无需进入后续核心诉求与实体判断或丢词检查步骤。,95,False,True
华为 P70 手机评测,iPhone 15 Pro Max 深度体验,苹果最新旗舰手机的影像与续航实测。,完全不相关,推荐同领域内容,1.排查跨界与多义词：查询词“华为 P70 手机评测”与结果“iPhone 15 Pro Max 深度体验”均属于【智能手机/消费电子】这一超大行业，无跨界。两者均为手机品牌及型号，不存在“一词多义”导致的概念偷换（如苹果水果变手机）。2.套用8个经典判例比对：查询词与结果的核心实体从“华为 P70”替换为“iPhone 15 Pro Max”，两者为不同品牌的手机型号（竞品）。用户的【核心动作/诉求】均为获取手机评测/体验内容，未发生偏移。此情况严格符合判例3（搜“剪映教程” → 给“PR教程”，竞品替换，判定同领域）。3.得出最终结论：此为典型的平行实体替换（竞品替换），用户核心诉求一致，仅核心实体被替换为同分类下的兄弟实体（智能手机）。,95,False,False
男士 剃须刀,宠物 狗 驱虫 药,狗狗体外驱虫的正确滴法。,完全不相关,完全不相关,1.排查跨界与多义词：Query '男士 剃须刀' 属于个人护理/美容工具领域，核心是男性剃须产品。Title/Summary '宠物 狗 驱虫 药' 属于宠物护理/兽医药品领域，核心是宠物驱虫。两者宏观领域完全不同，属于【超大行业/超大类目】跨界，且无核心多义词歧义（如'剃须刀'与'驱虫药'无概念偷换）。2.套用8个经典判例比对：此情况类似跨界无多义词案例（如'蔡徐坤'变'原神'），判【完全不相关】。3.得出最终结论：用户搜索男性剃须产品，返回宠物驱虫内容，核心任务目标、实体、场景均无关联，符合'完全不相关'定义。,95,False,True
盗墓笔记 结局,上课 怎么 记 笔记 最 高效,学霸分享的康奈尔笔记法。,query理解有误,query理解有误,1.排查跨界与多义词：Query为《盗墓笔记》小说/影视作品的结局，属于文化娱乐领域。Title为上课记笔记的方法，属于学习/教育领域。两者宏观领域完全不同，毫无交集。检查是否存在一词多义导致的概念偷换：'笔记'一词在Query中指代小说/影视作品名称《盗墓笔记》，在Title中指代学习行为'记笔记'。这属于典型的一词多义（专有名词变普通名词）导致的概念偷换。2.套用8个经典判例比对：此情况类似于判例中提到的'苹果'（水果变手机）、'小米'（谷物变数码）等多义词跨界案例，应判【query理解有误】。3.得出最终结论：系统错误地将专有名词《盗墓笔记》理解为普通'笔记'概念，导致返回完全不相关的内容。,95,False,True
股票 开户 流程,百年 华尔街 股票 市场 沉浮,金融危机的历史周期与资本市场的规律。,推荐场景衍生内容,推荐场景衍生内容,1.排查跨界与多义词：Query '股票 开户 流程' 与 Title/Summary '百年 华尔街 股票 市场 沉浮' 均属于【金融/投资】超大行业，无跨界。无多义词歧义（'股票'概念一致）。2.套用8个经典判例比对：Query核心诉求是【开户流程】（具体操作指南），Title/Summary核心内容是【市场历史与规律】（宏观分析）。这类似于判例4（从找特定人物变找作品集）或判例6（从看外观变解析技能），即核心实体（股票）未变，但核心动作/诉求从【具体操作流程】偏移为【宏观历史分析】，属于【场景衍生】。不符合判例1-3（同领域实体替换），也不符合判例7-8（丢词搜不准，因为未丢失修饰主语的限制词）。3.得出最终结论：推荐内容与用户核心诉求发生明显偏移，应判为【推荐场景衍生内容】。,90,False,True
诛仙 电视剧,这 世界上 真的 有 神仙 吗,探秘中国古代神话与道教的修仙传说。,query理解有误,完全不相关,1.排查跨界与多义词：Query为《诛仙》电视剧，属于影视娱乐领域。Title和Summary讨论的是现实世界的神仙存在、神话与道教传说，属于宗教/文化/哲学领域。两者宏观领域完全不同，属于跨界。2.套用8个经典判例比对：此情况类似于判例中提到的跨界且无核心多义词歧义（如“蔡徐坤”变“原神”）。Query中的“诛仙”是特定小说/影视作品名称，并非指代“诛杀神仙”这个动作短语，因此不存在“一词多义”导致的概念偷换。3.得出最终结论：Query与返回内容在宏观领域上毫无交集，属于纯粹的跨界，且无核心多义词歧义。,95,False,False
纯棉 纯色 短袖,透气 涤纶 运动 短袖,夏季健身跑步速干衣评测。,丢词搜不准,丢词搜不准,1.排查跨界与多义词：查询词'纯棉 纯色 短袖'与结果'透气 涤纶 运动 短袖'均属于服装大类下的短袖类别，宏观领域一致，无跨界或多义词问题。2.套用8个经典判例比对：查询词核心诉求是寻找'纯棉'材质、'纯色'款式的短袖，结果提供了'涤纶'材质、'运动'功能的短袖。这既不是平行实体替换（如品牌替换），也不是核心动作/诉求偏移（如从购买变评测），而是丢失了关键修饰词'纯棉'和'纯色'，同时引入了无关修饰词'运动'。这符合判例7和判例8'丢词搜不准'的特征，即丢失了具体材质和款式的限制词。注意：'短袖'是主语，不是限制词，因此不违反丢词防坑红线。3.得出最终结论：属于'丢词搜不准'，因为查询词的具体修饰词（纯棉、纯色）被丢失或错误替换，导致结果不准确。,90,False,True
腾讯 视频 VIP,爱奇艺 黄金会员 充值优惠,爱奇艺独家热播剧追剧必备。,完全不相关,推荐同领域内容,1.排查跨界与多义词：查询词'腾讯 视频 VIP'与结果'爱奇艺 黄金会员 充值优惠'均属于在线视频流媒体服务会员领域，宏观领域一致，无跨界或多义词问题。2.套用8个经典判例比对：查询词核心诉求是获取腾讯视频VIP相关信息（如购买、权益、价格等），核心实体是'腾讯视频VIP'。结果提供了爱奇艺黄金会员的充值优惠信息，核心实体从'腾讯视频VIP'替换为'爱奇艺黄金会员'，两者是同一分类（视频平台会员）下的兄弟实体（竞品替换）。这符合判例3（剪映教程变PR教程）的模式，即用户核心动作/诉求（了解或购买视频平台会员）未变，仅核心实体被替换为竞品。3.得出最终结论：属于'推荐同领域内容（平行实体替换）'，因为用户的核心任务目标（获取视频平台会员信息）完全一致，仅具体对象（腾讯视频VIP变爱奇艺黄金会员）发生了同级竞品替换。,95,False,False
婴儿 奶粉,揭秘 婴儿 奶粉 国家 生产 标准,新国标出台后，配方奶粉有哪些改变？,推荐场景衍生内容,推荐场景衍生内容,1.排查跨界与多义词：Query'婴儿奶粉'与Title'揭秘婴儿奶粉国家生产标准'均属于母婴/婴幼儿食品领域，无跨界，也无'奶粉'一词多义（如奶粉变奶糖）问题。2.套用8个经典判例比对：Query核心诉求是寻找关于'婴儿奶粉'的信息（可能是购买、成分、品牌等），Title提供的是关于婴儿奶粉'国家生产标准'的揭秘信息。这类似于判例4（流浪地球2导演→郭帆作品合集）或判例5（周生如故结局→周生如故幕后花絮）：核心实体'婴儿奶粉'没变，但用户诉求从一般信息查询偏移到了具体的'标准/法规'查询。这不符合判例1-3的同领域（平行实体替换），因为实体没变；也不符合判例7-8的丢词搜不准，因为没丢失修饰词（如'某品牌婴儿奶粉'）。3.得出最终结论：属于【推荐场景衍生内容】，因为宏观领域一致，但核心诉求/任务从'了解婴儿奶粉'偏移到了'了解其生产标准'。,90,False,True
汽车 保养,汽车 工业 革命 百年 史,从内燃机到新能源，人类出行工具的进化。,推荐场景衍生内容,推荐场景衍生内容,1.排查跨界与多义词：Query“汽车保养”与Title“汽车工业革命百年史”均涉及“汽车”这一宏观领域（交通工具/汽车行业），不存在跨界或多义词问题。2.套用8个经典判例比对：Query的核心诉求是“保养”（维护、护理动作），核心实体是“汽车”；Title的核心诉求是“工业革命百年史”（历史发展、演变过程），核心实体也是“汽车”。这符合判例4（流浪地球2导演→郭帆作品合集）的模式：核心实体（汽车）没变，但核心诉求从“保养”偏移为“历史发展”，属于场景衍生。不符合判例1-3（同领域实体替换），因为诉求发生了根本变化；也不符合判例7-8（丢词搜不准），因为“保养”是核心动作而非修饰词。3.得出最终结论：属于“推荐场景衍生内容”。,90,False,True
美白 洗面奶,RTX 4090 显卡 烤机 测试,顶级显卡在满载下的温度与功耗。,完全不相关,完全不相关,1.排查跨界与多义词：Query '美白 洗面奶' 属于美容护肤/个人清洁用品领域，核心诉求是寻找具有美白功能的洗面奶产品。Title 'RTX 4090 显卡 烤机 测试' 属于电脑硬件/显卡性能测试领域，核心诉求是展示显卡在极限负载下的性能数据。两者宏观领域完全不同：一个是日化美妆，一个是数码硬件。检查是否存在一词多义：'美白'指皮肤美白，'洗面奶'是洁面产品，'RTX 4090'是显卡型号，'烤机'是硬件测试术语，'测试'是通用词。没有核心词汇存在跨领域的多义歧义（例如没有'苹果'水果变手机这类偷换）。2.套用8个经典判例比对：这类似于判例中'蔡徐坤'变'原神'的案例（领域完全不同且无多义词歧义），也符合'猫咪吐毛球'变'狗狗护理'的对比逻辑（但这里是更彻底的跨界）。3.得出最终结论：双方核心任务目标（寻找美白护肤品 vs 查看显卡性能测试）毫无交集，属于纯粹的跨界且无核心多义词歧义，应判为【完全不相关】。,95,False,True
龙族 小说 txt,恐龙 一族 是 怎么 灭绝 的,白垩纪晚期小行星撞击地球假说。,query理解有误,完全不相关,1.排查跨界与多义词：用户搜索'龙族 小说 txt'，核心是寻找名为《龙族》的奇幻小说文本文件。搜索结果'恐龙 一族 是 怎么 灭绝 的'讨论恐龙灭绝的科学假说。两者宏观领域完全不同：一个是文学/小说领域，一个是古生物学/科学领域。虽然'龙族'和'恐龙一族'在字面上有'龙'字重合，但'龙族'在此语境中是特定小说名称，'恐龙一族'指史前生物恐龙，不存在'一词多义'导致的概念偷换（如'苹果'水果变手机），而是纯粹的跨界且无核心多义词歧义。2.套用8个经典判例比对：类似判例中'蔡徐坤'变'原神'（完全不相关），这里用户核心诉求（找小说文本）与结果内容（科学解释）毫无交集，仅字面有无关紧要的重合。3.得出最终结论：属于【完全不相关】。,95,False,False
玫瑰花 种植 技术,百合花 盆栽 养护,阳台种花新手必看的植物浇水施肥要点。,推荐同领域内容,推荐同领域内容,1.排查跨界与多义词：查询词'玫瑰花 种植 技术'与结果'百合花 盆栽 养护'均属于【园艺/花卉种植】这一超大行业，无跨界。查询词中的'玫瑰花'与结果中的'百合花'均为具体花卉名称，不存在'苹果'变手机这类一词多义导致的概念偷换。2.套用8个经典判例比对：查询词与结果的核心实体从'玫瑰花'变为'百合花'，但用户的核心动作/诉求均为'种植/养护技术'（查询词为'种植 技术'，结果摘要为'浇水施肥要点'，均指向养护技术），未发生偏移。这符合判例1（猫咪吐毛球→狗狗护理）和判例2（周杰伦演唱会→林俊杰演唱会）的模式：核心诉求（获取种植/养护技术）完全一致，仅核心实体（花卉品种）被替换为同分类下的其他兄弟实体（从玫瑰变为百合）。3.得出最终结论：此案例属于【推荐同领域内容（平行实体替换）】，即用户的【核心动作/诉求】没变（都是获取花卉种植/养护技术），仅仅是【核心实体】被替换成了同分类下的其他兄弟实体（玫瑰花变百合花）。,95,False,True
考研 英语一 真题,考研 英语二 历年 试卷 解析,专硕英语复习重点与大纲词汇。,丢词搜不准,丢词搜不准,1.排查跨界与多义词：查询词'考研 英语一 真题'与结果'考研 英语二 历年 试卷 解析'均属于'考研英语'这一宏观领域，无跨界或多义词问题。2.套用8个经典判例比对：核心实体'考研英语'未变，但具体限制词'英语一'被替换为'英语二'，这类似于判例7（2024跨年变2023跨年）中丢失具体年份的情况，属于丢失了修饰主语的【具体限制词/定语】。3.得出最终结论：用户的核心动作（找考研英语真题/试卷）和核心实体（考研英语）均未变，仅丢失了具体考试类型（英语一 vs 英语二）这一限制词，符合'丢词搜不准'的定义。,90,False,True
闪电侠 电影,天空 为什么 会 打 闪电,自然界雷电形成的气象学原理科普。,query理解有误,query理解有误,1.排查跨界与多义词：Query '闪电侠 电影' 指DC漫画超级英雄电影，Title '天空 为什么 会 打 闪电' 是自然气象现象科普。两者属于完全不同的超大行业/类目（娱乐影视 vs 自然科学），且存在核心多义词歧义——'闪电'一词在Query中作为专有名词'闪电侠'的一部分指代超级英雄，在Title中作为普通名词指自然现象，属于典型的概念偷换。2.套用8个经典判例比对：此情况符合判例中'一词多义导致的概念偷换'（如'苹果'水果变手机），属于【query理解有误】。3.得出最终结论：系统错误理解了Query中的'闪电'含义，将影视娱乐需求误判为自然科学需求。,95,False,True
重庆 老 火锅,成都 串串香 探店,带你打卡宽窄巷子最地道的市井串串。,推荐同领域内容,推荐场景衍生内容,1.排查跨界与多义词：查询词'重庆 老 火锅'与结果'成都 串串香 探店'均属于餐饮美食大类，宏观领域一致，无跨界或多义词问题。2.套用8个经典判例比对：查询词核心诉求是寻找重庆老火锅（特定品类+地域），结果提供的是成都串串香探店（不同品类+不同地域）。这既不是平行实体替换（如重庆火锅A变重庆火锅B），也不是诉求/形式偏移（如重庆火锅做法变重庆火锅历史），而是核心实体（火锅品类）和关键限制词（重庆地域）同时被替换。判例1（猫咪吐毛球变狗狗护理）是实体替换但同领域，但本案还涉及地域替换，更接近判例7（2024跨年变2023跨年）的丢词逻辑，但丢失的是'重庆'和'老火锅'中的'火锅'核心词，而非单纯修饰词。3.得出最终结论：用户核心动作（寻找美食）未变，但核心实体（火锅）被替换为串串香（同属餐饮但不同细分品类），且关键地域限制词（重庆）被替换为成都，这属于实体和限制词的双重偏移，不符合'同领域'的严格定义（核心任务目标完全一致），应视为场景衍生（宏观领域一致，但具体解决对象发生明显偏移）。,80,True,False
附近 健身房 办卡,健身 教练 职业 发展 前景,做私教真的能月入过万吗？行业现状分析。,推荐场景衍生内容,完全不相关,1.排查跨界与多义词：Query“附近 健身房 办卡”核心诉求是寻找并办理健身房的会员卡，属于【本地生活/消费服务】领域。Title/Summary“健身教练职业发展前景”核心内容是分析健身教练的职业收入与行业现状，属于【职业发展/行业分析】领域。两者宏观领域不一致，前者是消费行为，后者是职业信息。2.套用经典判例比对：不存在“健身房”或“办卡”一词多义导致概念偷换的情况，属于纯粹的跨界且无核心多义词歧义，类似判例中“蔡徐坤”变“原神”的完全不相关案例。3.得出最终结论：用户搜索的是具体的消费服务（办健身卡），返回的是职业分析内容，两者毫无交集，应判为完全不相关。,95,False,False
减肥 食谱 一周,量子力学 薛定谔的猫,用通俗语言解释微观世界的叠加态。,完全不相关,完全不相关,1.排查跨界与多义词：用户查询“减肥 食谱 一周”属于健康/饮食/减肥领域，目标是获取一周的减肥食谱。搜索结果“量子力学 薛定谔的猫”属于物理学/量子力学领域，解释微观世界的叠加态。两者宏观领域完全不同，属于跨界。检查是否存在一词多义导致的概念偷换：“减肥”和“食谱”没有多义歧义，“一周”也没有多义歧义。查询与结果之间无核心多义词关联。2.套用8个经典判例比对：判例中“蔡徐坤”变“原神”或“回家”和“家中”这种无关紧要的字面重合属于“完全不相关”。本案类似，查询与结果毫无交集，无多义词歧义。3.得出最终结论：属于纯粹的跨界且无核心多义词歧义，应判为“完全不相关”。,99,False,True
猫咪 绝育 注意事项,狗狗 绝育 术后 护理,宠物狗做完绝育手术后的饮食与伤口处理。,推荐同领域内容,推荐同领域内容,"1.排查跨界与多义词：查询词“猫咪绝育注意事项”与结果“狗狗绝育术后护理”均属于【宠物/动物医疗护理】这一超大行业/类目，不存在跨界。查询词中的“猫咪”与结果中的“狗狗”均为具体宠物物种，不存在“一词多义”导致的概念偷换（如“苹果”水果变手机）。
2.套用8个经典判例比对：此案例与判例1（搜“猫咪吐毛球” → 给“狗狗护理”）高度相似。用户的核心动作/诉求（获取关于宠物绝育的注意事项/护理信息）完全一致，仅仅是核心实体从“猫咪”被替换成了同分类下的兄弟实体“狗狗”。这符合类别A【推荐同领域内容（平行实体替换）】的定义。
3.得出最终结论：此案例属于典型的同领域内容推荐，即平行实体替换。用户的宏观领域（宠物医疗）、核心诉求（获取绝育相关指导）均未改变，仅具体对象（猫变狗）发生了同级替换。",95,False,True
零基础 英语 口语,雅思 8分 进阶 英语 口语,留学生必备的高级词汇与地道表达。,丢词搜不准,丢词搜不准,1.排查跨界与多义词：Query '零基础 英语 口语' 与 Title '雅思 8分 进阶 英语 口语' 同属【语言学习/英语学习】超大行业，无跨界，无多义词歧义。2.套用8个经典判例比对：Query核心诉求是'零基础'学习，Title提供的是'雅思8分进阶'内容，这类似于判例7（2024跨年变2023跨年）或判例8（婴儿浴巾变家用成人浴巾），属于丢失了'零基础'这一关键限制词/定语，而主语'英语口语'未变。注意防坑红线：'英语口语'是主语，不是限制词。3.得出最终结论：符合类别C【丢词搜不准】定义，即主语（英语口语）和核心动作（学习）未变，但丢失了修饰主语的'零基础'这一具体限制词，替换为'雅思8分进阶'这一不同水平层级的限制词，属于纵向降维。,90,False,True
英雄联盟 赛事,DOTA2 国际邀请赛 决赛,TI12总决赛精彩集锦回顾。,完全不相关,推荐同领域内容,1.排查跨界与多义词：查询词'英雄联盟 赛事'与结果'DOTA2 国际邀请赛 决赛'均属于【电子竞技/大型多人在线战术竞技游戏(MOBA)赛事】这一超大行业/超大类目，宏观领域一致，不存在跨界或一词多义问题。2.套用8个经典判例比对：核心实体从'英雄联盟'变为'DOTA2'，两者是MOBA游戏领域的直接竞品。用户的【核心动作/诉求】是查找'赛事'信息，这一点在结果中未变（结果也是赛事信息）。这符合判例3（搜'剪映教程'→给'PR教程'，竞品替换）的模式，属于【核心动作/诉求】没变，仅【核心实体】被替换为同分类下的兄弟实体（竞品）。3.得出最终结论：此案例属于【推荐同领域内容（平行实体替换）】，即类别A。,95,False,False
显卡 跑分 软件,2021年 显卡 矿难 事件 回顾,当年被炒上天的显卡最后都去哪了？,推荐场景衍生内容,推荐场景衍生内容,"1.排查跨界与多义词：Query核心为“显卡跑分软件”，属于【数码硬件/性能测试工具】领域。Title/Summary核心为“2021年显卡矿难事件回顾”，属于【数码硬件/加密货币/经济事件】领域。两者宏观领域在“显卡”这一实体上有交集，均属【数码硬件】大类，非完全跨界，也无核心多义词歧义（“显卡”概念一致）。
2.套用8个经典判例比对：
   - 对比判例1-3（同领域）：用户核心诉求从“寻找性能测试软件”变为“了解历史经济事件”，核心动作/诉求发生根本偏移（工具使用 vs 事件回顾），不符合“仅实体替换”。
   - 对比判例4-6（场景衍生）：类似判例4（从找特定人物变找作品集），本例中核心实体“显卡”未变，但用户诉求从“软件工具需求”偏移为“历史事件回顾”，属于宏观领域一致但任务目标明显变化。
   - 对比判例7-8（丢词搜不准）：未丢失修饰词（如“2024年软件”），且主语“显卡”未丢失，不符合丢词定义。
3.得出最终结论：符合【推荐场景衍生内容】特征——实体（显卡）一致，但核心诉求从“性能测试”偏移为“历史事件分析”，属于任务形式的衍生。",90,False,True
考研 英语 真题,皇家马德里 欧冠 夺冠,皇马历史第十五次捧起大耳朵杯。,完全不相关,完全不相关,1.排查跨界与多义词：Query '考研 英语 真题' 属于教育/考试领域，核心诉求是获取考研英语科目的历年考试题目。Title/Summary '皇家马德里 欧冠 夺冠' 属于体育/足球领域，核心内容是足球俱乐部在欧冠赛事中的夺冠新闻。两者宏观领域完全不同，一个是教育考试，一个是体育赛事，毫无交集。检查是否存在一词多义导致的概念偷换：'考研'、'英语'、'真题'、'皇家马德里'、'欧冠'、'夺冠' 均无明显的多义词歧义（例如，'考研'不会指代其他事物，'英语'不会指代其他含义，'真题'在此语境明确为考试题目）。这属于纯粹的跨界，无核心多义词歧义。2.套用8个经典判例比对：此情况类似于判例中未明确列出但符合原则的纯粹跨界（如'蔡徐坤'变'原神'），或'回家'和'家中'这种字面重合但无关的情况。这里Query和Title/Summary在核心实体、动作、诉求上均无任何关联，仅字面上都涉及'英语'（但Query中是语言科目，Summary中是俱乐部名称的一部分'皇家马德里'不相关），但这属于无关紧要的字面重合，不构成多义词偷换。3.得出最终结论：根据第一步规则，完全跨界且无核心多义词歧义，应判为【完全不相关】。,95,False,True
水彩画 风景 教程,素描 人物 头像 临摹,美术联考必备的黑白灰素描关系处理。,推荐同领域内容,推荐场景衍生内容,1.排查跨界与多义词：查询词“水彩画 风景 教程”与结果“素描 人物 头像 临摹”均属于【美术/绘画】这一超大行业，不存在跨界或多义词问题。2.套用8个经典判例比对：查询词核心诉求是学习“水彩画”的“风景”绘制“教程”，核心实体是“水彩画”。结果提供的是“素描”的“人物头像临摹”内容，核心实体从“水彩画”变为“素描”，绘画媒介发生根本变化（水彩 vs 素描），同时主题从“风景”变为“人物头像”，核心动作从“教程学习”变为“临摹练习”。这不符合判例1-3的“同领域内容（平行实体替换）”，因为媒介（水彩/素描）和主题（风景/人物）均非同级替换，而是不同绘画类别。也不符合判例4-6的“场景衍生”，因为核心实体（绘画媒介）已变，诉求也从学习教程变为临摹练习，属于双重偏移。更接近“完全不相关”，但两者宏观领域一致（美术），故需进一步判断。3.得出最终结论：用户核心诉求（学习水彩风景画教程）与结果（素描人物头像临摹）在核心实体（绘画媒介）、主题、动作上均不匹配，属于宏观领域一致但具体任务目标完全不同的情况，应判为“推荐场景衍生内容”，因为用户要解决的问题（从水彩风景教程学习 变 素描人物临摹）发生了明显偏移，且存在模糊边界（同属美术但媒介和主题均变）。,80,True,False
华为 Mate 60 RS,华为 Mate 60 抢购 攻略,一机难求？教你如何原价买到遥遥领先。,丢词搜不准,丢词搜不准,"1.排查跨界与多义词：Query '华为 Mate 60 RS' 与 Title/Summary '华为 Mate 60 抢购 攻略' 均属于消费电子/智能手机领域，无跨界，也无多义词歧义。
2.套用8个经典判例比对：
   - 核心实体：Query 指定了具体型号 'Mate 60 RS'，Title/Summary 泛化为 'Mate 60'。
   - 核心动作/诉求：两者均为获取购买信息/攻略，未发生偏移。
   - 比对判例7（2024跨年 变 2023跨年）：此情况类似，Query 丢失了具体型号限制词 'RS'，导致推荐内容从特定高端型号降维到基础系列。符合【丢词搜不准】定义：主语（华为手机）和动作（找攻略）没变，仅丢失了修饰主语的【具体型号限制词】。
   - 防坑红线检查：'RS' 是修饰 'Mate 60' 的具体型号定语，不是主语本身，因此适用丢词规则。
3.得出最终结论：此Bad Case属于【丢词搜不准】，因系统未能严格匹配Query中的具体型号修饰词，导致推荐内容精度不足。",90,False,True
穿越火线 枪械,穿越 时空 的 爱恋 电视剧,徐峥张庭主演的经典穿越古装喜剧。,query理解有误,完全不相关,1.排查跨界与多义词：Query'穿越火线 枪械'指游戏《穿越火线》中的武器，属于游戏领域；Title'穿越时空的爱恋电视剧'是徐峥张庭主演的古装喜剧，属于影视领域。两者宏观领域完全不同（游戏 vs 影视）。检查是否存在一词多义：'穿越'在Query中是游戏名称《穿越火线》的一部分，在Title中是'穿越时空'的剧情元素，但核心概念'穿越火线'（游戏）与'穿越时空的爱恋'（电视剧）无直接多义词关联，属于纯粹跨界。2.套用经典判例比对：类似判例中'蔡徐坤'变'原神'（完全不相关），这里游戏内容变电视剧内容，无核心多义词歧义。3.得出最终结论：属于完全不相关。,95,False,False
轻薄 办公 笔记本,RTX 4060 游戏 笔记本,满血释放！大学生宿舍开黑首选。,丢词搜不准,推荐场景衍生内容,1.排查跨界与多义词：Query '轻薄 办公 笔记本' 与 Title 'RTX 4060 游戏 笔记本' 同属【消费电子/笔记本电脑】超大行业，无跨界。无多义词歧义。2.套用8个经典判例比对：Query核心诉求是'轻薄'（便携性）和'办公'（生产力场景），Title核心是'RTX 4060'（高性能游戏显卡）和'游戏'（娱乐场景）。这不符合判例1-3的'同领域'（核心动作未变仅换实体），因为核心诉求从'办公'偏移到了'游戏'。也不符合判例7-8的'丢词搜不准'（未丢失修饰主语的限制词）。更接近判例4-6的'场景衍生'：宏观领域（笔记本）一致，但用户要解决的问题从'办公生产力'偏移到了'游戏娱乐'，核心诉求/形式发生明显变化。3.得出最终结论：属于【推荐场景衍生内容】。,90,False,False
微信 聊天 记录 恢复,QQ 空间 访客 记录 怎么看,教你如何查看谁悄悄看过你的QQ空间。,完全不相关,推荐场景衍生内容,1.排查跨界与多义词：Query为'微信聊天记录恢复'，核心实体是'微信'，核心诉求是'恢复聊天记录'。Title/Summary为'QQ空间访客记录怎么看'，核心实体是'QQ空间'，核心诉求是'查看访客记录'。两者均属于社交/通讯软件领域，宏观领域一致，无跨界。无多义词歧义（如'苹果'变手机）。2.套用8个经典判例比对：比对判例1（猫咪吐毛球→狗狗护理），实体从猫变狗，但核心诉求（护理）一致，判为同领域。本案中，实体从微信变QQ（社交软件竞品替换），但核心诉求从'恢复记录'变为'查看记录'，诉求发生偏移（恢复 vs 查看）。比对判例4（流浪地球2导演→郭帆作品合集），实体未变但诉求从找人物变找作品集，判为场景衍生。本案中，实体变化（微信变QQ），但诉求偏移更关键（恢复→查看），属于核心动作/诉求偏移。比对判例6（王者荣耀妲己皮肤→英雄联盟妲己角色解析），实体变化（游戏竞品替换）且诉求偏移（看外观变解析技能），判为场景衍生。本案类似：实体变化（社交软件竞品替换）且诉求偏移（恢复记录变查看记录）。3.得出最终结论：宏观领域一致（社交软件），但核心诉求从'恢复'变为'查看'，动作发生明显偏移，符合'场景衍生'定义（核心实体可能没变，但核心动作/诉求偏移）。实体变化（微信变QQ）是竞品替换，但诉求偏移是决定性因素。不属于丢词搜不准（未丢失修饰词，且主语微信变QQ，丢了主语不算丢词）。不属于完全不相关或query理解有误。,90,False,False
篮球 投篮 姿势,NBA 官方 比赛 篮球 材质,斯伯丁与威尔胜真皮篮球的工艺解析。,推荐场景衍生内容,query理解有误,1.排查跨界与多义词：查询词“篮球 投篮 姿势”与结果“NBA 官方 比赛 篮球 材质”均属于“体育/篮球”这一超大行业，无跨界。查询词中的“篮球”指运动项目，结果中的“篮球”指实体球，存在一词多义（运动项目变实体器材），属于概念偷换。2.套用8个经典判例比对：类似判例“苹果”水果变手机（query理解有误），查询词核心诉求是学习投篮姿势（动作/技巧），结果核心实体是篮球材质（物品属性），用户核心动作从“学习姿势”偏移为“了解材质”，诉求发生明显变化。3.得出最终结论：存在一词多义导致的概念偷换，且核心诉求偏移，符合【query理解有误】定义。,90,False,False
巴黎 旅游 攻略,巴黎 圣母院 历史 纪录片,深度了解这座哥特式建筑的艺术价值。,推荐场景衍生内容,推荐场景衍生内容,1.排查跨界与多义词：查询词'巴黎 旅游 攻略'与结果'巴黎 圣母院 历史 纪录片'均涉及'巴黎'这一地理实体，宏观领域可视为'旅游/文化'大类，未跨界，也无多义词歧义。2.套用8个经典判例比对：查询词核心诉求是获取'旅游攻略'（动作：规划/指导），结果提供的是'历史纪录片'（动作：了解/学习）。这类似于判例4（从找特定人物变找作品集）或判例5（从看正片变看花絮），核心动作/诉求发生了偏移——从'如何游玩'变为'了解历史艺术'。虽然核心实体'巴黎'未变，但诉求形式明显不同。3.得出最终结论：这属于【核心实体】未变，但【核心动作/诉求/形式】发生偏移的情况，符合'场景衍生'定义。不属于同领域（因为诉求变了，不是平行实体替换），也不属于丢词搜不准（未丢失修饰主语的限制词，且'旅游攻略'是核心诉求而非修饰词）。,90,False,True
三国杀 规则,三国 时期 真实 的 历史,易中天品三国，还原真实的曹操与刘备。,query理解有误,query理解有误,1.排查跨界与多义词：Query'三国杀 规则'指卡牌游戏《三国杀》的玩法规则，属于游戏领域。Title'三国 时期 真实 的 历史'指中国三国时期的历史，属于历史领域。两者宏观领域不同（游戏 vs 历史），但存在'三国'这一多义词歧义：Query中'三国'是游戏名称的一部分，Title中'三国'是历史时期。这属于概念偷换（游戏名称变历史时期），符合判例中'一词多义'特征。2.套用经典判例比对：类似判例'苹果'水果变手机、'小米'谷物变数码，属于因多义词导致的跨界。3.得出最终结论：因多义词歧义导致领域跨界，应判为query理解有误。,90,False,True
篮球鞋 实战 测评,不粘锅 开锅 养护 教程,铁锅和不粘锅日常使用注意事项。,完全不相关,完全不相关,1.排查跨界与多义词：查询词'篮球鞋 实战 测评'属于体育用品/运动装备领域，具体是篮球运动装备的评测；标题'不粘锅 开锅 养护 教程'属于厨具/厨房用品领域。两者宏观领域完全不同——体育用品与厨具毫无交集。2.套用8个经典判例比对：查询词与标题之间不存在'一词多义'导致的概念偷换（如'苹果'水果变手机），也没有无关紧要的字面重合。这类似于判例中'蔡徐坤'变'原神'的纯粹跨界情况。3.得出最终结论：由于完全跨界且无核心多义词歧义，应判定为【完全不相关】。,95,False,True
篮球 走步 规则,排球 越网 击球 犯规,图解排球比赛中的常见犯规动作。,推荐同领域内容,推荐同领域内容,1.排查跨界与多义词：查询词'篮球 走步 规则'属于篮球运动规则领域，标题'排球 越网 击球 犯规'属于排球运动规则领域。两者都属于'体育运动'这个超大行业/超大类目，宏观领域一致，不存在跨界。查询词中的'篮球'和标题中的'排球'都是明确的体育项目名称，不存在'一词多义'导致的概念偷换。2.套用8个经典判例比对：查询词的核心诉求是了解篮球运动的'走步'规则，核心实体是'篮球'。标题提供的是排球运动的'越网击球'犯规图解，核心实体是'排球'。这类似于判例1（搜'猫咪吐毛球'→给'狗狗护理'），用户的【核心动作/诉求】（了解某项运动的特定规则/犯规）没变，但【核心实体】从'篮球'被替换成了同分类下的兄弟实体'排球'（都是球类运动）。这符合类别A【推荐同领域内容（平行实体替换）】的定义。3.得出最终结论：查询词与标题的核心诉求一致（了解运动规则），但核心实体不同（篮球变排球），属于同领域下的平行实体替换。,90,False,True
王者荣耀 攻略,英国 王者 的 荣耀 历史,都铎王朝与英国王室的兴衰史。,query理解有误,完全不相关,1.排查跨界与多义词：Query为游戏《王者荣耀》的攻略，Title与Summary内容为英国王室历史，涉及“王者”与“荣耀”字面重合，但核心概念完全不同，属于完全跨界且无核心多义词歧义（如“苹果”水果变手机那种偷换）。2.套用8个经典判例比对：类似判例中“蔡徐坤”变“原神”或“回家”和“家中”这种无关紧要字面重合，判【完全不相关】。3.得出最终结论：Query与结果无任何实质关联，属于完全不相关。,95,False,False
剪映 手机版 教程,PR 电脑版 零基础 剪辑教学,Adobe Premiere专业视频剪辑入门。,完全不相关,推荐同领域内容,1.排查跨界与多义词：查询“剪映 手机版 教程”与结果“PR 电脑版 零基础 剪辑教学”均属于【视频剪辑软件教程】超大行业，无跨界，无多义词歧义。2.套用8个经典判例比对：判例3“剪映教程 → 给PR教程”明确判定为【推荐同领域内容】，因核心动作“学习剪辑教程”未变，仅核心实体从“剪映”替换为竞品“PR”。但本案存在额外维度：查询有“手机版”修饰词，结果变为“电脑版”。这涉及“严苛修饰词丢失检查”：判例7/8显示丢失具体限制词（如年份、型号）应判【丢词搜不准】，但红线强调“丢了主语算场景衍生或不相关，绝对不算丢词搜不准”。此处“手机版/电脑版”是修饰“剪映/PR”的型号限制词，非主语，符合丢词定义。然而，同时存在“竞品替换”（同领域）和“型号限制词丢失”（丢词搜不准），形成模糊边界：核心诉求“学习剪辑”未变，但设备平台（手机/电脑）偏移可能影响用户场景。3.得出最终结论：优先遵循判例3的明确指引，竞品替换属同领域；但型号限制词丢失带来不确定性，需标记复核。,80,True,False
官方 正版 游戏 下载,单机 游戏 破解版 资源 网,免安装绿色版合集，免费畅玩大作。,丢词搜不准,推荐场景衍生内容,1.排查跨界与多义词：Query为'官方 正版 游戏 下载'，核心诉求是获取官方正版游戏的下载渠道。Title为'单机 游戏 破解版 资源 网'，提供的是破解版游戏资源。两者均属于'游戏'这一超大行业/类目，无跨界问题，也无多义词歧义（如'苹果'水果变手机）。2.套用8个经典判例比对：Query的核心动作是'下载官方正版游戏'，Title的核心动作是'提供破解版游戏资源'。核心实体'游戏'未变，但核心诉求从'正版'偏移为'破解版'，这与判例4（从找特定人物变找作品集）和判例5（从看正片变看花絮）类似，属于诉求/形式偏移。同时，Query中的'官方'、'正版'是修饰'游戏'的关键限制词，Title丢失了这些限制词，但根据红线，'游戏'是主语，丢失主语修饰词（如'官方'、'正版'）属于场景衍生而非丢词搜不准，因为诉求已发生根本偏移（正版 vs 破解版）。3.得出最终结论：宏观领域一致，核心实体未变，但核心诉求从获取正版游戏下载变为获取破解版游戏资源，属于场景衍生内容。,90,False,False
绝地求生 技巧,荒野求生 贝爷 吃 虫子,站在食物链顶端的男人教你如何在野外活下去。,query理解有误,完全不相关,1.排查跨界与多义词：查询词“绝地求生”指一款战术竞技类电子游戏，而结果“荒野求生 贝爷 吃 虫子”是关于野外生存真人秀节目/纪录片内容。两者宏观领域不同：一个是电子游戏/娱乐，一个是野外生存/纪实。查询词“绝地求生”与结果“荒野求生”存在字面相似，但“绝地求生”作为游戏专有名词，与“荒野求生”节目无核心多义词歧义（不是一词多义导致的概念偷换）。2.套用8个经典判例比对：此情况类似跨界且无核心多义词歧义（如“蔡徐坤”变“原神”），属于【完全不相关】。3.得出最终结论：两者无交集，用户核心诉求（游戏技巧）与结果（野外生存教学）完全不同，判定为完全不相关。,95,False,False
高数 微积分,如何 煎 出 完美的 牛排,惠灵顿牛排的做法与火候掌控。,完全不相关,完全不相关,1.排查跨界与多义词：Query“高数 微积分”属于数学/高等教育领域，Title“如何煎出完美的牛排”属于烹饪/美食领域。两者属于完全不同的超大行业/超大类目，毫无交集。检查是否存在一词多义导致的概念偷换：“高数”是“高等数学”的简称，“微积分”是数学分支，均无烹饪相关的歧义；“牛排”是食物，也无数学相关的歧义。因此，不存在多义词歧义，属于纯粹的跨界。2.套用8个经典判例比对：此情况类似于判例中“蔡徐坤”变“原神”的完全不相关案例，或“回家”和“家中”这种无关紧要的字面重合（此处无字面重合）。3.得出最终结论：Query与Title/Summary在宏观领域上完全跨界，无核心多义词歧义，应判为【完全不相关】。,99,False,True
婴儿 纯棉 浴巾,全棉 时代 成人 浴巾,家用大尺寸吸水速干毛巾评测。,丢词搜不准,丢词搜不准,1.排查跨界与多义词：查询词“婴儿 纯棉 浴巾”与结果“全棉 时代 成人 浴巾”均属于“浴巾/毛巾”这一超大行业类目，无跨界，也无“一词多义”导致的概念偷换。2.套用8个经典判例比对：查询词核心实体为“浴巾”，核心诉求为“寻找适合婴儿使用的纯棉浴巾”。结果实体仍为“浴巾”，但丢失了“婴儿”这一关键限制词，并增加了“成人”这一相反限制词。这与判例8“婴儿浴巾 变 家用成人浴巾”高度一致，属于“主语没变，动作没变，仅仅丢失了修饰该主语的【具体限制词/定语】”。根据红线，主语“浴巾”未丢失，丢失的是限制词“婴儿”。3.得出最终结论：此案例符合“丢词搜不准”的严格定义。,95,False,True
长城 门票 多少钱,长城 坦克 300 越野 性能,国产硬派越野车的骄傲，泥地实测。,query理解有误,query理解有误,1.排查跨界与多义词：Query核心实体是“长城”（指历史建筑/旅游景点），Title核心实体是“长城”（指汽车品牌）。两者属于“长城”一词的多义歧义（历史遗迹 vs 汽车品牌），宏观领域跨界（旅游 vs 汽车工业），且存在概念偷换。2.套用经典判例比对：符合判例大纲第一步中“一词多义导致的概念偷换”（如“苹果”水果变手机）。3.得出最终结论：用户搜索旅游景点门票价格，返回汽车性能评测，核心诉求（购票咨询 vs 汽车评测）和核心实体（建筑 vs 汽车）均完全不同，属于query理解未能正确消歧多义词。,95,False,True
英雄联盟 下载,英雄联盟 全球 总决赛 直播,看Faker再战S赛，见证电竞王朝的建立。,推荐场景衍生内容,推荐场景衍生内容,"1.排查跨界与多义词：Query为“英雄联盟 下载”，核心诉求是获取游戏客户端；Title为“英雄联盟 全球 总决赛 直播”，核心诉求是观看电竞赛事。两者均属于“电子游戏/电竞”超大行业，无跨界，也无“英雄联盟”一词多义问题。
2.套用8个经典判例比对：
   - 与判例1-3（同领域）不符：用户核心动作从“下载游戏”变为“观看直播”，诉求发生根本偏移，非平行实体替换。
   - 与判例4-6（场景衍生）高度相似：核心实体“英雄联盟”未变，但用户要做的核心动作从“获取软件”偏移为“观看赛事内容”，属于宏观领域一致下任务形式的明显变化。
   - 与判例7-8（丢词搜不准）不符：未丢失修饰主语的限制词（如“PC版下载”变“下载”），且主语“英雄联盟”未丢失。
3.得出最终结论：符合“场景衍生”定义——核心实体未变，但核心动作/诉求从“下载”偏移为“观看直播”。",90,False,True
成都 旅游 攻略,股票 基金 入门 基础知识,新手如何看懂K线图和基本面？,完全不相关,完全不相关,1.排查跨界与多义词：Query为'成都 旅游 攻略'，核心诉求是获取成都旅游的规划建议；Title为'股票 基金 入门 基础知识'，Summary为'新手如何看懂K线图和基本面？'，核心内容是金融投资入门知识。两者宏观领域完全不同：一个是旅游/生活服务，一个是金融/投资理财，毫无交集。检查是否存在一词多义导致的概念偷换：'攻略'在旅游中指行程规划，在金融中可能指投资策略，但Query明确为'旅游攻略'，与金融'入门基础知识'无核心多义词歧义；'成都'是地名，无金融歧义。2.套用8个经典判例比对：此情况类似判例中'蔡徐坤'变'原神'的纯粹跨界，无核心多义词歧义。3.得出最终结论：属于完全不相关。,95,False,True
理想 汽车 报价,我的 理想 是 当 一名 宇航员,小学生优秀作文范文赏析。,query理解有误,query理解有误,1.排查跨界与多义词：Query“理想 汽车 报价”中的“理想”指汽车品牌“理想汽车”，属于汽车行业/消费领域。Title“我的 理想 是 当 一名 宇航员”中的“理想”指人生志向/梦想，属于教育/个人发展领域。两者宏观领域完全跨界（汽车消费 vs 教育作文），且存在“理想”一词多义（品牌名变抽象概念），属于概念偷换。2.套用8个经典判例比对：符合判例中“一词多义导致的概念偷换”（如“苹果”水果变手机），Query理解错误。3.得出最终结论：应归因为query理解有误，系统将“理想汽车”误理解为抽象“理想”。,95,False,True
淘宝 购物 节,京东 618 大促 满减攻略,如何在京东买到最划算的数码家电？,完全不相关,推荐同领域内容,"1.排查跨界与多义词：Query '淘宝 购物 节' 与 Title/Summary '京东 618 大促 满减攻略' 均属于【电商购物】这一超大行业/超大类目，不存在跨界。'淘宝'和'京东'均为电商平台名称，不存在一词多义导致的概念偷换。
2.套用8个经典判例比对：
   - 核心实体：从'淘宝'（一个电商平台）替换为'京东'（另一个电商平台）。这类似于判例3（剪映变PR，竞品替换）。
   - 核心动作/诉求：Query的诉求是'购物节'（参与促销活动），Title/Summary的诉求是'大促 满减攻略'（获取促销攻略）。两者核心诉求高度一致，都是关于电商平台的促销活动。
   - 修饰词检查：Query没有丢失具体限制词（如年份、型号），它本身就是一个泛化查询。
3.得出最终结论：用户的核心任务目标（参与/了解电商平台促销活动）完全一致，仅具体对象（电商平台）发生了同级替换（竞品替换）。这严格符合【同领域】定义，即'用户的【核心动作/诉求】没变，仅仅是【核心实体】被替换成了同分类下的其他兄弟实体（换人、换物、换剧、换竞品）'。因此，应归类为【推荐同领域内容】。",95,False,False
治疗 失眠 的 偏方,英雄联盟 亚索 快乐风男,只要E得够快，队友的问号就追不上我。,完全不相关,完全不相关,1.排查跨界与多义词：Query'治疗失眠的偏方'属于医疗健康领域，Title'英雄联盟亚索快乐风男'属于电子游戏领域，两者属于完全不同的超大行业/超大类目，毫无交集。检查是否存在一词多义导致的概念偷换：'失眠'指睡眠障碍，'偏方'指民间疗法；'英雄联盟'是游戏名，'亚索'是游戏角色，'快乐风男'是角色绰号。双方核心词汇无多义关联，不存在概念偷换。2.套用8个经典判例比对：此情况类似跨界且无核心多义词歧义（如'蔡徐坤'变'原神'），符合判例【完全不相关】。3.得出最终结论：Query与Title/Summary在宏观领域、核心诉求、核心实体上均无关联，属于纯粹的跨界且无多义词歧义。,99,False,True
明日之后 手游,如果 明日 之后 是 世界末日,科幻迷对地球毁灭的10种假想。,query理解有误,query理解有误,1.排查跨界与多义词：Query为“明日之后 手游”，核心实体是名为《明日之后》的末日生存手游。Title为“如果 明日 之后 是 世界末日”，Summary为“科幻迷对地球毁灭的10种假想”。两者宏观领域不一致：Query属于【游戏】领域（具体为手游），Title/Summary属于【科幻/末日假想】领域（泛文化内容）。存在“明日之后”一词多义：在Query中特指游戏名称，在Title/Summary中被拆解为字面意思“明天之后”并引申为末日主题，属于概念偷换。2.套用8个经典判例比对：符合判例中“一词多义导致的概念偷换”（如“苹果”水果变手机），Query理解错误地将游戏名称误解为普通短语。3.得出最终结论：属于【query理解有误】，系统未能识别专有名词《明日之后》作为游戏实体，误判为普通文本进行语义泛化。,95,False,True
原神 抽卡 模拟器,鸣潮 新手 池 角色 推荐,鸣潮开服必抽的T0级别强力角色。,完全不相关,推荐场景衍生内容,1.排查跨界与多义词：查询词'原神 抽卡 模拟器'与结果'鸣潮 新手 池 角色 推荐'均属于游戏领域，无跨界，也无多义词歧义。2.套用8个经典判例比对：查询词核心诉求是'抽卡模拟器'（模拟抽卡行为），结果核心诉求是'角色推荐'（推荐抽卡对象）。这类似于判例6'王者荣耀妲己皮肤'变'英雄联盟妲己角色解析'，核心实体从'原神'变为'鸣潮'（同领域游戏），但核心诉求从'模拟抽卡'偏移为'推荐角色'。3.得出最终结论：宏观领域一致，核心实体发生同级替换（原神变鸣潮，竞品游戏），但核心诉求发生明显偏移（模拟器变推荐），符合'场景衍生'定义。,90,False,False
英语 音标 学习,英语 26个 字母 起源,拉丁字母背后的古老文明印记。,推荐场景衍生内容,推荐场景衍生内容,1.排查跨界与多义词：Query为'英语 音标 学习'，核心是学习英语音标（发音系统）。Title为'英语 26个 字母 起源'，核心是英语字母的历史起源。两者都属于【语言学习/英语学习】这一超大行业，无跨界，也无多义词歧义（如'苹果'变手机）。2.套用8个经典判例比对：Query的核心动作是'学习'（音标），核心实体是'音标'。Title的核心动作是'了解起源'（字母），核心实体是'字母'。这既不符合判例1-3的'同领域'（核心动作没变但实体替换），因为实体从'音标'变成了'字母'，且动作从'学习'变成了'了解起源'；也不符合判例4-6的'场景衍生'（核心实体没变但动作偏移），因为实体已变；更不符合判例7-8的'丢词搜不准'（主语没变但丢修饰词），因为主语从'音标'变成了'字母'，属于核心实体替换。3.得出最终结论：宏观领域一致（英语学习），但用户的核心任务目标从'学习音标发音'偏移为'了解字母历史'，属于【核心动作/诉求】发生明显偏移（学习 vs 了解起源），且【核心实体】也发生替换（音标 vs 字母）。这更接近'场景衍生'的定义：宏观领域一致，但用户要解决的问题（任务/动作）发生了偏移。参考判例4（找导演变找作品集）和判例6（看皮肤变解析技能），都是动作和实体同时变化。因此，归类为'推荐场景衍生内容'。,88,False,True
美团 外卖 红包,饿了么 霸王餐 免费领,饿了么每日免单活动参与技巧。,完全不相关,推荐同领域内容,"1.排查跨界与多义词：Query '美团 外卖 红包' 与 Title/Summary '饿了么 霸王餐 免费领' 均属于【本地生活服务/外卖平台】这一超大行业，无跨界。'红包'与'霸王餐'、'免单'虽具体形式不同，但均指向平台优惠活动，不存在'一词多义'导致的概念偷换。
2.套用8个经典判例比对：
   - 与判例2（周杰伦演唱会 → 林俊杰演唱会）高度相似：用户核心诉求（获取外卖平台优惠）未变，核心实体从'美团'替换为同领域竞品'饿了么'，属于平行实体（竞品）替换。
   - 与判例3（剪映教程 → PR教程）逻辑一致：均为核心诉求（获取教程/获取优惠）不变，核心工具/平台（剪映/美团）被替换为同领域竞品（PR/饿了么）。
   - 与判例5（周生如故结局 → 周生如故幕后花絮）不同：后者是核心实体（剧）未变，但诉求（看结局 vs 看花絮）发生偏移。本例诉求（获取优惠）未偏移。
   - 与判例7/8（丢词）无关：未丢失具体限制词（如年份、型号）。
3.得出最终结论：符合【推荐同领域内容（平行实体替换）】定义。用户核心任务目标（获取外卖平台优惠）完全一致，仅具体平台对象发生同级竞品替换（美团变饿了么）。",95,False,False
考研 英语 真题,考研 英语 辅导班 推荐,新东方和文都哪个更适合基础差的同学？,推荐场景衍生内容,推荐场景衍生内容,1.排查跨界与多义词：Query“考研英语真题”与Title“考研英语辅导班推荐”均属于“考研英语”这一宏观领域，无跨界或多义词问题。2.套用经典判例比对：Query核心诉求是获取“真题”（考试原题），Title提供的是“辅导班推荐”（培训服务）。这类似于判例4（从找特定人物变找作品集）或判例5（从看正片变看花絮），用户的核心动作从“获取考试材料”偏移为“选择培训服务”，属于诉求/形式偏移。3.得出最终结论：符合“推荐场景衍生内容”定义，核心实体（考研英语）未变，但核心诉求（真题 vs 辅导班）发生明显偏移。,90,False,True
地下城与勇士,欧美 地下城 探险 电影,古墓丽影等经典夺宝探险类电影盘点。,query理解有误,完全不相关,1.排查跨界与多义词：Query '地下城与勇士' 是一款知名网络游戏（DNF）。Title/Summary 指向的是欧美探险电影盘点，涉及'古墓丽影'等。两者宏观领域不同：一个是电子游戏，一个是电影盘点。虽然字面上都包含'地下城'，但'地下城'在此处并非核心多义词导致的概念偷换。在游戏语境中，'地下城'特指游戏副本；在电影盘点中，'地下城'是广义的探险场景描述。这属于纯粹的跨界，且无核心多义词歧义（不像'苹果'水果变手机那种根本性概念替换）。2.套用8个经典判例比对：最接近判例是跨界无多义词情况，如'蔡徐坤'变'原神'。用户搜游戏，结果给电影盘点，核心任务目标（玩游戏/找游戏信息 vs 看电影/找电影信息）完全不同，实体也无关。3.得出最终结论：属于【完全不相关】。,95,False,False
高考 数学 全国一卷,高考 数学 全国二卷 压轴题,难度对比与解题思路大公开。,丢词搜不准,丢词搜不准,1.排查跨界与多义词：查询“高考 数学 全国一卷”与结果“高考 数学 全国二卷 压轴题”均属于【教育/考试】宏观领域，无跨界，也无“高考”、“数学”等核心词的多义词歧义。2.套用8个经典判例比对：核心实体“高考数学”未变，核心动作“查找试题/资料”未变，但丢失了具体限制词“全国一卷”，替换为“全国二卷”，这与判例7（2024跨年变2023跨年）高度相似，属于丢失具体限制词（试卷版本）。注意：主语“高考数学”未丢失，仅修饰主语的定语“一卷”被替换为“二卷”。3.得出最终结论：符合【丢词搜不准】定义，即主语和动作未变，仅丢失具体限制词（试卷版本）。,90,False,True
巴黎 奥运会 奖牌榜,伦敦 奥运会 开幕式 回顾,重温2012年英伦风情的体育盛宴。,推荐同领域内容,推荐场景衍生内容,1.排查跨界与多义词：查询“巴黎奥运会奖牌榜”与结果“伦敦奥运会开幕式回顾”均属于【体育赛事/奥运会】这一超大行业，无跨界。查询中的“巴黎”与结果中的“伦敦”均为奥运会举办城市，无多义词歧义。2.套用8个经典判例比对：查询的核心诉求是查看“奖牌榜”（即比赛成绩排名），结果提供的是“开幕式回顾”（即赛事文化表演）。这类似于判例4（从找特定人物变找作品集）和判例5（从看正片变看花絮），核心动作从“查看成绩数据”偏移为“观看文化表演”，属于诉求/形式偏移。同时，实体从“巴黎”变为“伦敦”，但这不是核心差异（因为核心诉求已变）。3.得出最终结论：宏观领域一致（奥运会），但核心诉求（奖牌榜 vs 开幕式）发生明显偏移，符合“场景衍生”定义。无丢词问题（主语“奥运会”未丢失，修饰词“巴黎”被替换但非核心），无多义词问题。,90,False,False
降噪 蓝牙 耳机,HiFi 有线 监听 耳机,发烧友必备，回归最纯粹的无损音质。,丢词搜不准,推荐场景衍生内容,1.排查跨界与多义词：查询词'降噪 蓝牙 耳机'与结果'HiFi 有线 监听 耳机'均属于'耳机'这一超大行业/类目，无跨界。查询词中'蓝牙'指无线连接技术，结果中'有线'指有线连接技术，两者是同一技术领域（音频传输）下的不同实现方式，不存在'一词多义'导致的概念偷换。2.套用8个经典判例比对：查询词与结果的核心实体均为'耳机'，未变。但查询词的核心诉求/形式是'降噪'（功能特性）和'蓝牙'（无线连接），而结果的核心诉求/形式是'HiFi'（高保真音质）、'有线'（有线连接）和'监听'（专业用途）。这类似于判例6（从看皮肤变解析技能），核心动作/诉求发生了明显偏移（从降噪无线变高保有线监听）。同时，查询词中的'降噪'和'蓝牙'是修饰'耳机'的关键限制词，结果完全丢失了这些限制词，但根据红线，'降噪'和'蓝牙'是功能/技术定语，而非主语，因此符合判例7和8的'丢词搜不准'逻辑。然而，诉求偏移（降噪无线 vs 高保有线监听）更本质，属于场景衍生。3.得出最终结论：宏观领域一致（耳机），但核心诉求/形式从'降噪无线'偏移到'高保有线监听'，属于场景衍生；同时存在严苛修饰词丢失（降噪、蓝牙），但诉求偏移是主要缺陷。边界模糊：两者都可能成立，但场景衍生更贴切，因为诉求偏移是根本原因。,80,True,False
胃痛 怎么 缓解,偏头痛 发作 怎么办,日常生活中常见的神经性头痛快速缓解方法。,推荐同领域内容,推荐同领域内容,1.排查跨界与多义词：查询词'胃痛怎么缓解'与标题'偏头痛发作怎么办'都属于健康医疗领域，没有跨界。两者都是身体不适症状，不存在一词多义导致的概念偷换。2.套用8个经典判例比对：查询词核心诉求是缓解胃痛，标题提供的是缓解偏头痛的方法。这类似于判例1'猫咪吐毛球'变'狗狗护理'，实体从胃痛变成了偏头痛，但核心动作'缓解'没有变化。两者都是针对特定身体症状的缓解方法，属于同分类下的兄弟实体替换。3.得出最终结论：用户的核心任务目标（缓解身体不适症状）完全一致，仅具体对象（胃痛变偏头痛）发生同级替换，符合'推荐同领域内容（平行实体替换）'的定义。,90,False,True
仰卧起坐 怎么做,俯卧撑 标准 姿势 教学,零基础新手如何做一个标准的俯卧撑。,推荐同领域内容,推荐同领域内容,1.排查跨界与多义词：Query'仰卧起坐'与Title'俯卧撑'均属于【健身/体能训练】这一超大行业/超大类目，宏观领域一致，不存在跨界或多义词歧义。2.套用8个经典判例比对：Query的核心诉求是'怎么做仰卧起坐'（动作教学），Title提供的是'俯卧撑标准姿势教学'（动作教学）。核心动作/诉求（教学）未变，但核心实体从'仰卧起坐'替换为'俯卧撑'。这符合判例1（猫咪吐毛球→狗狗护理）和判例2（周杰伦演唱会→林俊杰演唱会）的模式，即同分类下的兄弟实体替换（不同健身动作）。3.得出最终结论：属于【推荐同领域内容（平行实体替换）】，用户核心任务目标（学习健身动作）完全一致，仅具体对象（仰卧起坐变俯卧撑）发生同级替换。,95,False,True
西游记 原著 解读,红楼梦 人物 关系 图谱,一张图带你看懂贾史王薛四大家族。,推荐同领域内容,推荐同领域内容,1.排查跨界与多义词：查询《西游记 原著 解读》与结果《红楼梦 人物 关系 图谱》均属于“中国古典文学/小说”这一超大行业/超大类目，宏观领域一致，不存在跨界或多义词问题。2.套用8个经典判例比对：查询的核心实体是《西游记》，结果的核心实体是《红楼梦》，两者均为中国古典小说，属于同分类下的兄弟实体替换。查询的核心诉求是“解读原著”，结果的核心诉求是“展示人物关系图谱”，两者都是对文学作品的分析/解析形式，核心动作（分析/解读）未发生明显偏移。这类似于判例2（周杰伦演唱会→林俊杰演唱会）或判例3（剪映教程→PR教程），属于同领域下的平行实体替换。3.得出最终结论：用户的核心任务目标（获取对一部中国古典文学名著的深度分析内容）完全一致，仅具体对象从《西游记》替换为同分类下的《红楼梦》。因此，符合“推荐同领域内容（平行实体替换）”的定义。,90,False,True
红烧肉 做法,苏东坡 与 东坡肉 的 历史 渊源,探寻中华传统名菜背后的文人故事。,推荐场景衍生内容,query理解有误,1.排查跨界与多义词：Query“红烧肉做法”属于烹饪/菜谱领域，Title/Summary“苏东坡与东坡肉的历史渊源”属于历史/文化领域。两者宏观领域不一致，前者是具体烹饪方法，后者是历史文化故事。2.套用8个经典判例比对：类似判例中“苹果”水果变手机的多义词情况，这里“红烧肉”和“东坡肉”虽同属猪肉菜肴，但Query核心是“做法”（烹饪方法），而Title/Summary核心是“历史渊源”（文化故事），属于概念偷换。3.得出最终结论：用户搜索的是具体菜谱做法，但返回的是历史文化内容，核心诉求从“学习烹饪”偏移为“了解历史”，符合“一词多义导致的概念偷换”特征。,90,False,False
钢琴 基础 乐理,小提琴 入门 技巧,弦乐初学者的指法与持弓练习。,推荐同领域内容,完全不相关,1.排查跨界与多义词：查询词'钢琴 基础 乐理'与结果'小提琴 入门 技巧'均属于【音乐/乐器学习】这一超大行业，不存在跨界或多义词问题。2.套用8个经典判例比对：查询词核心诉求是学习钢琴的基础乐理知识（核心动作：学习基础乐理；核心实体：钢琴），结果提供的是小提琴的入门技巧（核心动作：学习入门技巧；核心实体：小提琴）。这既不符合判例1-3的'同领域'（核心动作从'基础乐理'变为'入门技巧'，诉求发生偏移），也不符合判例4-6的'场景衍生'（核心实体从钢琴变为小提琴，属于不同乐器类别），更不符合判例7-8的'丢词搜不准'（没有丢失修饰词，而是核心实体和动作都变了）。3.得出最终结论：虽然宏观领域一致（音乐学习），但核心实体（钢琴变小提琴）和核心动作（基础乐理变入门技巧）均发生明显变化，用户的核心任务目标（学习钢琴基础乐理）与结果（小提琴入门技巧）不一致，属于【完全不相关】。,90,False,False
王者荣耀 充值,王者荣耀 李白 背景 故事,长安城剑客的恩怨情仇，王者宇宙世界观。,推荐场景衍生内容,推荐场景衍生内容,1.排查跨界与多义词：Query为'王者荣耀 充值'，涉及游戏内付费行为；Title/Summary为'王者荣耀 李白 背景 故事'，涉及游戏角色背景故事。两者均属于'游戏'这一超大行业/类目，无跨界。无多义词歧义（如'苹果'水果变手机）。2.套用8个经典判例比对：核心实体均为'王者荣耀'（主语未变），但核心动作/诉求发生明显偏移。Query的核心诉求是'充值'（付费行为），Title/Summary的核心诉求是'了解角色背景故事'（内容消费）。这类似于判例6（搜'王者荣耀妲己皮肤'变'英雄联盟妲己角色解析'），诉求从看外观变解析技能，属于场景衍生。也符合类别B定义：核心实体可能没变，但用户要做的核心动作/诉求发生了偏移。3.得出最终结论：不属于同领域（核心诉求未保持平行替换），也不属于丢词搜不准（未丢失修饰主语的限制词，如'2024年充值'变'充值'），更非完全不相关或query理解有误。因此，应归类为'推荐场景衍生内容'。,90,False,True
iPhone 15 购买,iPhone 15 碎屏 官方 维修 价格,苹果官方售后换屏幕到底需要多少钱？,推荐场景衍生内容,推荐场景衍生内容,1.排查跨界与多义词：Query是'iPhone 15 购买'，核心诉求是购买行为；Title是'iPhone 15 碎屏 官方 维修 价格'，核心诉求是维修价格查询。两者都属于消费电子/智能手机领域，没有跨界，也没有一词多义问题。2.套用8个经典判例比对：核心实体都是iPhone 15，但用户的核心动作/诉求发生了明显偏移——从'购买'变成了'维修价格查询'。这类似于判例4（从找特定人物变找作品集）和判例5（从看正片变看花絮），属于核心诉求的偏移。3.得出最终结论：这符合类别B【推荐场景衍生内容】的定义——核心实体没变，但用户要做的核心动作/诉求发生了明显偏移。,90,False,True
4K 高清 电脑 壁纸,复古 像素 风 模糊 手机 壁纸,极简颗粒感复古美学背景图。,丢词搜不准,推荐场景衍生内容,1.排查跨界与多义词：Query为'4K高清电脑壁纸'，核心诉求是获取高分辨率、适用于电脑的壁纸。Title为'复古像素风模糊手机壁纸'，核心是复古像素风格、适用于手机的壁纸。两者均属于'壁纸'这一超大行业/类目，无跨界，也无'壁纸'一词多义问题。2.套用8个经典判例比对：核心实体'壁纸'未变，但用户的核心诉求/形式发生了明显偏移。Query强调'4K高清'（高分辨率、清晰）和'电脑'（设备类型），而Title提供的是'复古像素风模糊'（风格与清晰度相反）和'手机'（设备类型不同）。这类似于判例6（从看外观变解析技能）或判例5（从看正片变看花絮），属于诉求/形式偏移。同时，Query丢失了'4K高清'和'电脑'这两个关键修饰词/定语，但根据红线，'壁纸'是主语，丢失的'4K高清'（分辨率限制）和'电脑'（设备限制）是修饰主语的定语，符合判例7和判例8的丢词情况。然而，核心冲突在于诉求偏移（高清清晰 vs 复古模糊风格）和设备类型不同（电脑 vs 手机），这比单纯丢词更严重。3.得出最终结论：主要缺陷是核心诉求/形式发生偏移（从高清电脑壁纸变复古模糊手机壁纸），应归类为'推荐场景衍生内容'。丢词是次要表现，但不足以单独归类为'丢词搜不准'，因为主语'壁纸'未丢，且偏移更关键。,90,False,False
感冒 药,为什么 现代 医学 无法 消灭 病毒,感冒病毒变异的生物学机制科普。,推荐场景衍生内容,推荐场景衍生内容,"1.排查跨界与多义词：Query '感冒 药' 属于医疗健康领域，核心诉求是寻找治疗感冒的药物。Title '为什么 现代 医学 无法 消灭 病毒' 及 Summary '感冒病毒变异的生物学机制科普' 属于医学/生物学领域，核心内容是解释病毒（特别是感冒病毒）的生物学特性和医学挑战。两者宏观领域一致（医疗健康/医学）。不存在一词多义导致的概念偷换。
2.套用8个经典判例比对：
   - 与判例1-3（同领域）对比：Query的核心动作是'找药/治疗'，Title/Summary的核心动作是'解释机制/科普'。用户的核心诉求从'获取治疗方案'偏移为'理解科学原理'，动作发生明显变化。
   - 与判例4-6（场景衍生）对比：类似判例4（从找特定人物变找作品集）和判例6（从看外观变解析技能），这里是从'找药治疗'变为'理解病毒机制'，核心实体（感冒/病毒）可能相关，但核心诉求/动作发生偏移。
   - 与判例7-8（丢词搜不准）对比：Query没有丢失具体修饰词（如'婴儿浴巾'丢'婴儿'），主语'感冒药'是核心实体，未被当作修饰词丢失。
3.得出最终结论：宏观领域一致，但用户核心诉求从'获取治疗药物'（实践性、解决方案导向）偏移为'理解病毒生物学机制'（知识性、原理导向），属于【核心动作/诉求】发生明显偏移，符合'场景衍生'定义。",90,False,True
故宫 博物院 门票,颐和园 游玩 路线 推荐,北京周边皇家园林的一日游攻略。,推荐同领域内容,推荐场景衍生内容,1.排查跨界与多义词：查询词'故宫博物院门票'与结果'颐和园游玩路线推荐'均属于旅游/景点领域，宏观领域一致，无跨界问题，也无'故宫'、'颐和园'等词的多义歧义。2.套用8个经典判例比对：查询词核心诉求是获取'故宫'这一特定景点的'门票'信息（购买/预订），结果提供的是'颐和园'这一不同景点的'游玩路线'（攻略/行程）。这既不是判例1-3的'同领域内容'（核心实体从故宫变为颐和园，但核心诉求从'门票'变为'路线'，诉求发生偏移），也不是判例4-6的'场景衍生内容'（核心实体已变，非同一实体下的诉求偏移），更不是判例7-8的'丢词搜不准'（未丢失修饰词如'2024年'或'婴儿'）。这类似于'周杰伦演唱会'给'林俊杰演唱会'的实体替换，但诉求从'门票'变为'路线'，存在模糊性。3.得出最终结论：宏观领域一致（旅游景点），核心实体从故宫变为颐和园（平行实体替换），但核心诉求从'门票'变为'游玩路线'（动作/形式偏移）。严格按核心原则，'同领域'要求核心任务目标完全一致，这里任务目标从'购票'偏移为'规划游玩'，应属'场景衍生'。然而，边界模糊，因实体替换和诉求偏移同时存在，需参考判例：判例2（周杰伦变林俊杰）为同领域，但诉求一致（都是演唱会）；本例诉求不一致，更接近判例4（流浪地球2导演变郭帆作品合集）的诉求偏移，但实体已变。综合判断，倾向于'推荐场景衍生内容'，但信心不足。,80,True,False
太阳系 八大 行星,银河系 黑洞 探秘,宇宙天体物理的奥秘与科普知识。,推荐同领域内容,推荐同领域内容,1.排查跨界与多义词：Query“太阳系 八大 行星”与Title“银河系 黑洞 探秘”均属于【宇宙/天体物理】这一超大行业/超大类目，宏观领域一致，不存在跨界或一词多义问题。2.套用8个经典判例比对：Query的核心诉求是了解太阳系内的行星（具体天体系统），Title提供的是银河系内黑洞的科普（不同天体系统与天体类型）。这既不是平行实体替换（如判例1-3，核心动作“了解天体”未变但实体从行星变为黑洞），也不是场景衍生（如判例4-6，核心实体“太阳系”变为“银河系”，核心动作“了解”未变但对象从行星系统变为黑洞系统）。更接近判例1“猫咪吐毛球”变“狗狗护理”，但实体从“太阳系行星”变为“银河系黑洞”，属于同宏观领域（宇宙天体）下不同具体天体对象的替换，用户核心动作“获取天体知识”未变。3.得出最终结论：符合【推荐同领域内容】定义，用户核心动作未变（获取天体知识），核心实体从太阳系行星替换为银河系黑洞（同分类下的兄弟实体）。,90,False,True
李白 诗集 赏析,杜甫 经典 绝句 讲解,体会诗圣笔下的忧国忧民与盛唐由盛转衰。,推荐同领域内容,推荐场景衍生内容,1.排查跨界与多义词：查询'李白 诗集 赏析'与结果'杜甫 经典 绝句 讲解'均属于【中国古典诗词】这一超大行业/超大类目，无跨界，也无'李白'或'杜甫'一词多义导致的概念偷换。2.套用8个经典判例比对：宏观领域一致，进入核心诉求与实体的二维判断。查询的核心诉求是'赏析'（对诗集的文学欣赏），结果的核心诉求是'讲解'（对绝句的解读分析），两者形式相近但略有偏移（赏析更侧重整体感受与艺术价值，讲解更侧重具体词句与背景解析）。核心实体从'李白'（诗人）变为'杜甫'（诗人），属于同分类下的兄弟实体替换。这类似于判例2（周杰伦演唱会变林俊杰演唱会）的实体替换，但诉求从'赏析'变'讲解'的偏移程度比判例2（都是'演唱会'）更大，更接近判例4（找导演变找作品集）或判例6（看皮肤变解析技能）的诉求偏移。然而，'赏析'与'讲解'在诗词内容消费场景中常被用户混用或视为相关衍生，边界模糊。未涉及严苛修饰词丢失（如'李白2024年诗集'变'李白诗集'），主语'李白'被替换，不属于丢词搜不准。3.得出最终结论：核心实体替换（李白变杜甫）符合'同领域'的平行实体替换定义，但核心诉求从'赏析'偏移至'讲解'，且两者在诗词场景中关联紧密但非完全一致，属于模糊边界情况，难以在'推荐同领域内容'与'推荐场景衍生内容'间绝对抉择。,75,True,False
进口 天然 猫粮,国产 烘焙 猫粮 推荐,性价比首选！打破国外品牌垄断的国产之光。,丢词搜不准,丢词搜不准,1.排查跨界与多义词：查询'进口天然猫粮'与结果'国产烘焙猫粮推荐'均属于宠物食品大类，宏观领域一致，无跨界或多义词问题。2.套用8个经典判例比对：查询核心诉求是寻找'进口'且'天然'的猫粮，结果提供了'国产'且'烘焙'的猫粮推荐。这类似于判例7（2024跨年变2023跨年）和判例8（婴儿浴巾变家用成人浴巾），丢失了'进口'和'天然'这两个关键修饰词/定语，但主语'猫粮'未变。根据红线，主语'猫粮'不是限制词，丢失的'进口'和'天然'是具体限制词，因此符合丢词搜不准定义。3.得出最终结论：核心实体（猫粮）和核心动作（寻找猫粮）未变，但丢失了修饰主语的限制词，应判为丢词搜不准。,90,False,True
莫扎特 钢琴 协奏曲,贝多芬 命运 交响曲,西方古典音乐史上的旷世巨作赏析。,推荐同领域内容,推荐场景衍生内容,1.排查跨界与多义词：查询词“莫扎特 钢琴 协奏曲”与结果“贝多芬 命运 交响曲”均属于西方古典音乐领域，无跨界问题，也无多义词歧义。2.套用8个经典判例比对：查询词核心诉求是“莫扎特创作的钢琴协奏曲”，结果提供的是“贝多芬创作的交响曲”。这既不是平行实体替换（判例1-3），因为莫扎特与贝多芬虽同属作曲家，但作品类型从“钢琴协奏曲”变为“交响曲”，核心动作/诉求从“寻找特定作曲家特定类型作品”偏移为“不同作曲家不同类型作品”；也不是丢词搜不准（判例7-8），因为丢失了核心实体“莫扎特”和作品类型“钢琴协奏曲”，这属于主语丢失，根据红线不算丢词。更接近判例4（从找特定人物变找作品集）或判例6（从看外观变解析技能），属于诉求/形式偏移。3.得出最终结论：宏观领域一致，但核心实体（莫扎特变贝多芬）和作品类型（钢琴协奏曲变交响曲）均变化，用户核心诉求发生明显偏移，应归类为场景衍生。,90,False,False
故宫 门票 预约,故宫 建筑 风水学 揭秘,紫禁城中轴线与古代帝王的风水布局。,推荐场景衍生内容,推荐场景衍生内容,1.排查跨界与多义词：Query'故宫 门票 预约'与Title'故宫 建筑 风水学 揭秘'均涉及'故宫'这一核心实体，宏观领域一致（文化旅游/历史建筑），不存在跨界或多义词问题。2.套用8个经典判例比对：Query的核心诉求是'预约门票'（动作：预约，目标：门票），属于具体的功能性、事务性需求。Title的核心诉求是'揭秘建筑风水学'（动作：揭秘/学习，目标：风水知识），属于知识性、探索性需求。两者核心实体（故宫）未变，但用户要解决的核心任务/动作发生了根本性偏移——从'预约参观'变为'学习风水知识'。这符合判例4（从找特定人物变找作品集）和判例6（从看外观变解析技能）的逻辑，即【核心动作/诉求】发生明显偏移。3.得出最终结论：此案例属于【推荐场景衍生内容】，因为用户在宏观领域（故宫相关）下，核心诉求从功能性预约转向了知识性探索，符合'场景衍生'定义。,90,False,True
完美世界 游戏,完美主义 性格 的 心理 分析,如何克服做事要求极度完美的强迫症？,query理解有误,query理解有误,1.排查跨界与多义词：查询词'完美世界 游戏'明确指向游戏领域，标题'完美主义 性格 的 心理 分析'属于心理学/性格分析领域。两者属于完全不同的超大行业（游戏娱乐 vs 心理健康/心理学），存在跨界。检查是否存在一词多义：'完美世界'在查询中是游戏名称，在标题中'完美'是形容词'完美主义'的一部分，'世界'未出现。这属于概念偷换（从专有名词游戏名称变为普通形容词组合），而非纯粹的字面重合。2.套用8个经典判例比对：类似判例中'苹果'水果变手机（query理解有误），这里'完美世界'游戏变'完美主义'心理分析，属于一词多义导致的概念偷换。3.得出最终结论：符合【query理解有误】定义，因系统错误理解了'完美世界'的含义，将其关联到不相关的心理学内容。,90,False,True
免费 在线 电影,腾讯 视频 VIP 会员 付费 电影,最新院线大片，独家超清资源。,丢词搜不准,丢词搜不准,"1.排查跨界与多义词：Query为'免费 在线 电影'，核心诉求是寻找可免费在线观看的电影内容。Title为'腾讯 视频 VIP 会员 付费 电影'，核心是付费会员专享的电影资源。两者宏观领域一致，均属于'电影/视频内容'大类，无跨界或多义词问题。
2.套用8个经典判例比对：
   - 与判例7/8（丢词搜不准）对比：Query中的'免费'是关键修饰词/定语，Title中的'付费'直接与之矛盾。这符合'丢词搜不准'定义中'丢失了修饰该主语的【具体限制词/定语】'的情况（这里限制词是'免费'，被替换为对立面'付费'）。
   - 与判例1-3（推荐同领域内容）对比：用户核心动作（看电影）未变，但核心实体（电影资源）的属性从'免费'变为'付费'，这不是同级实体替换（如换电影或换平台），而是核心限制条件被错误替换，因此不属于同领域。
   - 与判例4-6（推荐场景衍生内容）对比：用户核心动作（看电影）和核心实体（电影）均未变，仅访问条件（免费vs付费）变化，这不符合'核心动作/诉求/形式发生明显偏移'的定义。
   - 与判例红线对比：'免费'是修饰'电影'的限制词/定语，不是主语，因此适用丢词检查。
3.得出最终结论：Query明确要求'免费'资源，Title提供'付费'资源，属于丢失关键限制词（免费）导致搜不准，应归为【丢词搜不准】。",90,False,True
故宫 建筑 风格,长城 砖墙 防御 体系,古代中国宏伟建筑的工程智慧。,推荐同领域内容,推荐场景衍生内容,1.排查跨界与多义词：查询词'故宫 建筑 风格'与结果'长城 砖墙 防御 体系'均属于'古代中国宏伟建筑'这一宏观领域，不存在跨界或多义词问题。2.套用8个经典判例比对：查询词核心诉求是了解故宫的建筑风格（如样式、美学特征），而结果转向了长城的防御体系（工程结构、功能），这类似于判例4（从找特定人物变找作品集）或判例6（从看外观变解析技能），属于核心动作/诉求发生偏移——从'风格鉴赏'变为'工程分析'。虽然宏观领域一致（古代建筑），但用户要解决的问题（任务）已从美学/文化探究转向功能/结构探究。3.得出最终结论：这符合'场景衍生'的定义，即核心实体（从故宫变长城）和核心诉求（从风格变防御）均发生明显偏移，而非单纯的同领域实体替换。,90,False,False
Excel 快捷键,微软 Office 软件 发展 历史,从远古版本到现代化云办公的演变。,推荐场景衍生内容,推荐场景衍生内容,"1.排查跨界与多义词：Query 'Excel 快捷键' 核心是Excel软件的操作技巧，Title/Summary '微软 Office 软件 发展 历史' 核心是Office套件的版本演变历史。两者宏观领域都属于【办公软件/计算机软件】大类，没有跨界，也没有一词多义问题。
2.套用8个经典判例比对：
   - 不符合判例1-3（同领域）：用户核心诉求从'学习Excel具体操作技巧（快捷键）'变成了'了解Office软件历史演变'，核心动作从'操作指导'偏移为'历史了解'，实体虽都涉及Office/Excel，但诉求发生明显偏移。
   - 符合判例4-6（场景衍生）：类似判例4'流浪地球2导演→郭帆作品合集'，从找特定信息（快捷键）变为找相关但不同维度的内容（历史）。
   - 不符合判例7-8（丢词搜不准）：没有丢失修饰词（如'Excel 2021快捷键'变'Excel快捷键'），且'快捷键'是核心主语/诉求词，不是修饰词。
3.得出最终结论：核心实体（Excel/Office）部分重叠，但用户核心诉求从'操作技巧学习'偏移为'历史演变了解'，属于【场景衍生】。",90,False,True
苹果 iPhone 15 Pro,iPhone 15 标准版 上手 体验,今年最值得买的基础版苹果手机。,丢词搜不准,丢词搜不准,1.排查跨界与多义词：Query '苹果 iPhone 15 Pro' 与 Title 'iPhone 15 标准版 上手 体验' 均属于智能手机/消费电子领域，无跨界，也无'苹果'一词多义问题（此处指品牌而非水果）。2.套用经典判例比对：核心实体均为苹果iPhone手机系列，但Query指定了'Pro'型号，Title提供的是'标准版'。这符合判例7（2024跨年变2023跨年）的模式：主语（iPhone）和核心动作（找手机信息/体验）未变，但丢失了具体型号限制词'Pro'，导致推荐了降级型号（标准版）。根据红线，'Pro'是修饰主语的定语/限制词，不是主语本身。3.得出最终结论：属于'丢词搜不准'，因为Query的精确型号诉求未被满足。,90,False,True
和平精英 灵敏度,维护 世界 和平 的 国际 组织,联合国的历史作用与维和部队的日常。,query理解有误,完全不相关,1.排查跨界与多义词：Query '和平精英' 是一款热门射击游戏，'灵敏度' 指游戏内的操作设置。Title/Summary 讨论的是现实中的国际组织'联合国'及其维和行动。两者属于完全不同的宏观领域（游戏娱乐 vs 国际政治/军事），且'和平'一词虽字面重合，但在此语境下并非导致概念偷换的核心多义词（游戏名'和平精英'是一个固定专有名词整体，其'和平'与联合国'维护和平'的'和平'含义不同但非歧义性偷换，就像'苹果'手机和'苹果'水果那样）。因此属于纯粹的跨界。2.套用经典判例比对：类似判例中'蔡徐坤'变'原神'（纯粹跨界无核心多义词歧义），或'回家'和'家中'（仅字面重合）。此处Query与结果在核心实体（游戏 vs 国际组织）、核心诉求（找游戏设置 vs 了解国际组织）上均无任何关联，不属于同领域、场景衍生或丢词。3.得出最终结论：根据判定大纲第一步，纯粹的跨界且无核心多义词歧义，应判【完全不相关】。,95,False,False
鬼吹灯 小说,晚上 睡觉 吹灯 的 危害,老中医告诉你为什么睡觉前不能用力吹气。,query理解有误,query理解有误,1.排查跨界与多义词：Query“鬼吹灯 小说”核心指盗墓题材小说《鬼吹灯》，属于文学/小说领域。Title“晚上 睡觉 吹灯 的 危害”讨论吹灯（吹灭灯火）对睡眠的危害，属于健康/养生领域。两者宏观领域完全跨界（文学 vs 健康），无交集。检查是否存在一词多义：“鬼吹灯”在Query中是专有名词（小说名），在Title中被拆解为字面动作“吹灯”，存在概念偷换（专有名词变普通动作）。2.套用8个经典判例比对：类似判例中“苹果”水果变手机（一词多义导致概念偷换），此处“鬼吹灯”从小说名变为字面动作，属于典型多义词歧义。3.得出最终结论：符合【query理解有误】定义，因系统错误理解“鬼吹灯”含义导致跨界推荐。,95,False,True
索尼 A7M4 微单,佳能 R6 Mark II 全画幅相机,佳能新一代水桶机的画质表现如何？,完全不相关,推荐同领域内容,1.排查跨界与多义词：查询词“索尼 A7M4 微单”与结果“佳能 R6 Mark II 全画幅相机”均属于【数码相机/摄影器材】这一超大行业，无跨界，也无“索尼”或“佳能”一词多义导致的概念偷换。2.套用8个经典判例比对：核心实体从“索尼 A7M4”变为“佳能 R6 Mark II”，两者均为全画幅微单相机，属于同级竞品替换。用户的【核心动作/诉求】未变（均为寻找特定型号相机的相关信息或评价），仅【核心实体】被替换为同分类下的兄弟实体（竞品）。这严格符合判例3“剪映教程 → PR教程”（竞品替换）的模式，应归类为【推荐同领域内容】。3.得出最终结论：此案例为典型的平行实体替换，无修饰词丢失（如“2024款”变“2023款”），也无诉求偏移（如“相机参数”变“相机维修”），边界清晰。,95,False,False
烤箱 烤 鸡翅,空气炸锅 炸 薯条,无油低卡，懒人必备的厨房小家电食谱。,推荐同领域内容,推荐场景衍生内容,1.排查跨界与多义词：查询'烤箱 烤 鸡翅'与结果'空气炸锅 炸 薯条'均属于【厨房烹饪/家电食谱】超大行业，无跨界。无多义词歧义（烤箱、空气炸锅均为厨房电器）。2.套用8个经典判例比对：核心实体从'烤箱'变为'空气炸锅'（竞品替换），核心动作从'烤'变为'炸'（烹饪方式变化），核心食材从'鸡翅'变为'薯条'（食材替换）。比对判例3（剪映变PR，竞品替换）属于同领域，但动作和食材均变化。比对判例6（王者荣耀妲己皮肤变英雄联盟妲己角色解析）属于场景衍生，但本例实体、动作、食材全变，边界模糊。3.得出最终结论：宏观领域一致，但核心实体（烤箱变空气炸锅）、核心动作（烤变炸）、核心食材（鸡翅变薯条）均发生变化，用户核心诉求从'用烤箱烤鸡翅'偏移为'用空气炸锅炸薯条'，属于任务/动作偏移，但仍在厨房烹饪场景内。难以严格区分是同领域（仅竞品替换）还是场景衍生（诉求偏移），符合模糊边界情况。,75,True,False
潜伏 剧情 介绍,梅毒 的 潜伏期 有 多长,警惕危险信号，科普传染病的潜伏阶段。,query理解有误,query理解有误,1.排查跨界与多义词：用户搜索'潜伏 剧情 介绍'，核心意图是查询电视剧《潜伏》的剧情介绍。搜索结果'梅毒 的 潜伏期 有 多长'属于医学健康领域，与影视娱乐领域完全跨界。两者存在'潜伏'一词的多义歧义——用户指电视剧名称，结果指疾病潜伏阶段，属于典型的概念偷换。2.套用8个经典判例比对：符合判例中'苹果'水果变手机、'小米'谷物变数码的同类型多义词跨界情况。3.得出最终结论：属于query理解有误，系统错误理解了'潜伏'的词义指向。,95,False,True
麦当劳 优惠券,肯德基 疯狂星期四 菜单,KFC本周特价活动及新品尝鲜。,完全不相关,推荐同领域内容,1.排查跨界与多义词：查询词'麦当劳 优惠券'与结果'肯德基 疯狂星期四 菜单'均属于【快餐/餐饮】超大行业，无跨界。无多义词歧义（麦当劳、肯德基均为明确品牌）。2.套用8个经典判例比对：核心实体从'麦当劳'变为'肯德基'，属于同分类下的兄弟实体（快餐品牌）替换。用户核心诉求（获取快餐优惠/促销信息）未变，仅具体品牌发生替换。这与判例2（周杰伦演唱会→林俊杰演唱会）和判例3（剪映教程→PR教程）逻辑完全一致，属于【同领域】的平行实体/竞品替换。3.得出最终结论：符合类别A【推荐同领域内容（平行实体替换）】定义，无修饰词丢失（优惠券与菜单/活动均属促销信息范畴，未发生核心诉求偏移）。,95,False,False
狂飙 全集 免费看,高速 狂飙 180码 被 交警 拦下,无视交通法规，男子在高速上飙车被重罚。,query理解有误,query理解有误,1.排查跨界与多义词：Query“狂飙 全集 免费看”中的“狂飙”指电视剧《狂飙》，属于影视娱乐领域。Title“高速 狂飙 180码 被 交警 拦下”中的“狂飙”指高速驾驶行为，属于交通/社会新闻领域。两者属于完全跨界，且“狂飙”存在一词多义（电视剧名称 vs 驾驶行为），属于概念偷换。2.套用8个经典判例比对：符合判例中“一词多义导致的概念偷换”（如“苹果”水果变手机）。3.得出最终结论：属于query理解有误，系统错误理解了“狂飙”的含义。,95,False,True
上海 迪士尼 门票,香港 迪士尼 乐园 游玩 路线,带孩子去香港必打卡的梦幻童话世界。,丢词搜不准,推荐场景衍生内容,1.排查跨界与多义词：查询词“上海迪士尼门票”与结果“香港迪士尼乐园游玩路线”均属于“主题公园/旅游”这一超大行业/超大类目，不存在跨界。查询词中的“上海”和“门票”与结果中的“香港”和“游玩路线”均无多义词歧义。2.套用8个经典判例比对：查询词的核心诉求是“购买/获取上海迪士尼的门票”，核心实体是“上海迪士尼”。结果的核心诉求是“获取香港迪士尼的游玩路线”，核心实体是“香港迪士尼”。这既不符合判例1-3的“同领域内容（平行实体替换）”，因为核心实体从“上海迪士尼”变为了“香港迪士尼”，但两者是不同地点的同一品牌主题公园，属于同级实体替换；也不完全符合判例4-6的“场景衍生内容（诉求/形式偏移）”，因为核心诉求从“门票”变为了“游玩路线”，诉求发生了偏移。同时，查询词丢失了“上海”这一具体地域限制词，但根据红线，“上海”是主语“迪士尼”的定语（具体地域），而非主语本身，因此符合判例7-8的“丢词搜不准（纵向降维）”。然而，这里存在模糊边界：虽然“上海”是地域定语，但“上海迪士尼”和“香港迪士尼”作为不同实体，其替换可能更接近“同领域”的平行实体替换（如同判例2中“周杰伦”变“林俊杰”），但诉求从“门票”到“游玩路线”的偏移又指向“场景衍生”。这导致在“同领域”与“场景衍生”之间难以抉择，且“丢词搜不准”的判定也可能因实体替换而复杂化。3.得出最终结论：基于严格原则，核心诉求（门票 vs. 游玩路线）发生偏移，应优先考虑“推荐场景衍生内容”，但实体替换（上海变香港）和丢词（上海）因素使边界模糊，需要人工复核。,70,True,False
北欧 实木 餐桌,极简 玻璃 材质 餐桌,小户型餐厅家具搭配案例分享。,丢词搜不准,推荐场景衍生内容,1.排查跨界与多义词：查询词“北欧 实木 餐桌”与结果“极简 玻璃 材质 餐桌”均属于【家具/家居用品】超大行业，无跨界。查询词无多义词歧义。2.套用8个经典判例比对：查询词核心诉求是寻找“北欧风格、实木材质的餐桌”，结果提供了“极简风格、玻璃材质的餐桌”。核心实体（餐桌）未变，但核心诉求中的关键修饰词“实木”被替换为“玻璃”，同时风格从“北欧”变为“极简”。这不符合判例1-3的“同领域内容（平行实体替换）”，因为替换的不是同级实体（如不同品牌的实木餐桌），而是核心材质和风格属性。也不符合判例4-6的“场景衍生内容（诉求/形式偏移）”，因为用户的核心动作（找餐桌）未变。更接近判例7-8的“丢词搜不准（纵向降维）”，但丢失的不是年份、型号等具体限制词，而是核心材质和风格属性，这属于核心诉求的实质性改变。3.得出最终结论：宏观领域一致，但核心诉求中的关键属性（材质、风格）被替换，导致结果与查询意图不符。这既不是简单的同领域替换，也不是场景衍生，而是查询理解未能准确捕捉“实木”和“北欧”作为核心限制词，导致结果泛化过度。属于模糊边界案例，因为“实木”和“北欧”既是修饰词，也定义了核心诉求，其丢失导致结果偏离用户意图，但未完全跨界。,80,True,False
钢琴 考级 报名,钢琴 调音 师 是 怎么 工作的,探秘这个冷门却高薪的音乐幕后职业。,推荐场景衍生内容,推荐场景衍生内容,1.排查跨界与多义词：Query“钢琴考级报名”与Title“钢琴调音师是怎么工作的”均涉及“钢琴”这一乐器，宏观领域一致（音乐/乐器相关），不存在跨界或多义词问题。2.套用8个经典判例比对：Query的核心诉求是“报名参加钢琴考级”（用户动作：报名/参与考试），Title的核心诉求是“了解钢琴调音师的工作内容”（用户动作：了解/学习职业知识）。这类似于判例4（从找特定人物变找作品集）或判例5（从看正片变看花絮），核心实体“钢琴”未变，但用户要解决的任务从“报名考试”偏移为“了解职业”，属于【核心动作/诉求】发生明显偏移。不符合判例1-3的同领域替换（如换竞品或换实体），也不符合判例7-8的丢词搜不准（未丢失修饰词，且“钢琴”是主语而非修饰词）。3.得出最终结论：属于【推荐场景衍生内容】。,90,False,True
北京 环球影城 攻略,大阪 环球影城 必刷 项目,超级任天堂世界太好玩了！日本游记。,丢词搜不准,推荐同领域内容,"1.排查跨界与多义词：查询词“北京环球影城攻略”与结果“大阪环球影城必刷项目”均属于“主题公园/旅游攻略”这一超大行业/超大类目，不存在跨界。两者均指“环球影城”这一品牌，无多义词歧义。
2.套用8个经典判例比对：
   - 与判例2“周杰伦演唱会”变“林俊杰演唱会”高度相似：用户核心诉求（获取环球影城游玩攻略/必刷项目）完全一致，仅核心实体（北京环球影城）被替换为同分类下的兄弟实体（大阪环球影城），属于平行实体替换。
   - 与判例3“剪映教程”变“PR教程”逻辑一致：均为竞品/同品牌不同地点替换，核心任务目标（获取攻略）未变。
   - 不属于判例4-6的场景衍生：用户核心动作（找攻略/项目推荐）未偏移为找游记、找门票等不同形式。
   - 不属于判例7-8的丢词搜不准：未丢失“攻略”这一核心动作词，且“北京”是主语（具体地点实体）而非修饰主语的限制词/定语，根据红线，丢失主语不算丢词搜不准。
3.得出最终结论：符合“推荐同领域内容（平行实体替换）”定义，用户核心任务目标一致，仅具体对象发生同级替换（不同城市的环球影城）。",95,False,False
男款 冬季 羽绒服,女装 显瘦 中长款 羽绒服,冬天怎么穿不臃肿？女士保暖穿搭指南。,丢词搜不准,推荐同领域内容,1.排查跨界与多义词：查询为“男款 冬季 羽绒服”，标题为“女装 显瘦 中长款 羽绒服”，两者均属于服装/服饰超大行业，无跨界，也无多义词歧义。2.套用8个经典判例比对：查询与标题的核心实体（羽绒服）未变，但查询的“男款”与标题的“女装”形成性别对立，这属于核心实体的关键属性（性别）被替换，类似于判例1（猫咪吐毛球→狗狗护理）中实体（猫变狗）的替换，但此处是“男款”变“女装”，属于同分类下的兄弟实体替换。查询的核心动作/诉求（寻找冬季羽绒服）未变，仅实体属性发生同级替换，符合类别A【推荐同领域内容（平行实体替换）】的定义。3.得出最终结论：此案例为推荐同领域内容，因为用户核心诉求（找冬季羽绒服）一致，仅实体从“男款”替换为“女装”，属于平行实体替换。,90,False,False
苹果 怎么 吃,苹果 15 电池 健康 掉得快,果粉必看，如何延长iPhone电池寿命。,query理解有误,query理解有误,1.排查跨界与多义词：Query“苹果怎么吃”中的“苹果”指水果，属于食品/水果领域；Title/Summary中的“苹果15电池健康”指苹果手机，属于消费电子/手机领域。两者属于完全跨界，且存在“苹果”一词多义导致的概念偷换（水果变手机）。2.套用8个经典判例比对：符合判例中“苹果水果变手机”的多义词跨界情况，属于【query理解有误】。3.得出最终结论：系统错误理解了Query中的“苹果”实体，将水果领域误判为手机领域，导致返回完全不相关的内容。,95,False,True
泰坦尼克号 电影,泰坦尼克号 幕后 拍摄 花絮,揭秘詹姆斯卡梅隆是如何搭建真实游轮模型的。,推荐场景衍生内容,推荐场景衍生内容,1.排查跨界与多义词：查询词“泰坦尼克号 电影”与结果“泰坦尼克号 幕后 拍摄 花絮”均属于影视娱乐领域，无跨界或多义词问题。2.套用8个经典判例比对：核心实体“泰坦尼克号”未变，但用户的核心诉求从观看电影正片（判例5中“看正片”）偏移为观看幕后花絮（判例5中“看花絮”），符合判例5“周生如故结局 → 周生如故幕后花絮”的模式，属于诉求/形式偏移。3.得出最终结论：此案例为【推荐场景衍生内容】，因为用户的核心动作从“观看电影”变为“了解幕后制作”，属于场景衍生。,90,False,True
猫粮 推荐,探秘 进口 猫粮 生产 工厂,实拍膨化粮的制作流水线，食品安全大揭秘。,推荐场景衍生内容,推荐场景衍生内容,1.排查跨界与多义词：Query为'猫粮 推荐'，Title为'探秘 进口 猫粮 生产 工厂'，Summary为'探秘猫粮生产工厂'。双方均围绕'猫粮'这一核心实体，属于宠物食品/宠物用品这一超大行业，无跨界，也无'猫粮'一词多义问题。2.套用8个经典判例比对：核心实体'猫粮'未变。用户Query的核心诉求是'推荐'（寻求购买建议或产品列表），而Title/Summary的核心诉求是'探秘生产工厂'（揭秘生产过程或食品安全）。这类似于判例4（从找特定人物变找作品集）和判例5（从看正片变看花絮），即核心动作/诉求发生了明显偏移（从'推荐/选购'偏移到'探秘/揭秘'）。这不符合判例1-3的'同领域'（平行实体替换），也不符合判例7-8的'丢词搜不准'（未丢失具体限制词如品牌、型号）。3.得出最终结论：宏观领域一致，核心实体未变，但用户的核心诉求（任务/动作）从'推荐'偏移到了'探秘生产'，属于【场景衍生】。,90,False,True
家用 洗衣机 推荐,木吉他 和弦 怎么按,吉他初学者必学的几个基础和弦。,完全不相关,完全不相关,1.排查跨界与多义词：Query为'家用 洗衣机 推荐'，核心诉求是获取家用洗衣机的购买推荐，属于家电/家居用品领域。Title为'木吉他 和弦 怎么按'，核心诉求是学习木吉他和弦的按法，属于乐器/音乐教育领域。两者宏观领域完全不同，一个是家电选购，一个是乐器学习，毫无交集。检查是否存在一词多义导致的概念偷换：'洗衣机'和'吉他'都是具体物品名称，没有多义歧义；'家用'是通用修饰词，没有歧义。因此属于纯粹的跨界且无核心多义词歧义。2.套用8个经典判例比对：类似判例中'蔡徐坤'变'原神'的完全不相关案例，两者属于完全不同领域且无字面歧义关联。3.得出最终结论：Query与Title/Summary完全不相关，用户的核心任务目标（购买家电 vs 学习乐器）完全不同，属于【完全不相关】。,99,False,True
迷你 便携 充电宝,20000毫安 大容量 充电宝,出差旅行必备，支持快充的长续航神器。,丢词搜不准,丢词搜不准,1.排查跨界与多义词：Query'迷你 便携 充电宝'与Title'20000毫安 大容量 充电宝'均属于充电宝/移动电源领域，无跨界或多义词问题。2.套用8个经典判例比对：Query核心诉求是寻找'迷你、便携'特性的充电宝，Title提供的是'大容量'充电宝。这类似于判例8'婴儿浴巾 变 家用成人浴巾'，Query丢失了'迷你、便携'这一具体限制词/定语，而Title强调了'大容量'，两者在核心实体（充电宝）和基本功能（充电）上一致，但具体特性（尺寸/容量）要求发生偏移。这符合类别C【丢词搜不准】的定义：主语（充电宝）没变，动作（提供充电功能）没变，但丢失了修饰该主语的【具体限制词/定语】（迷你、便携）。3.得出最终结论：属于丢词搜不准，因为Query对充电宝有明确的尺寸/便携性要求，而Title未满足此要求，提供了特性相反的'大容量'产品。,90,False,True
甄嬛传 经典 台词,琅琊榜 梅长苏 权谋 分析,古装剧天花板的朝堂博弈细节盘点。,推荐同领域内容,完全不相关,1.排查跨界与多义词：双方均为古装剧，宏观领域一致（影视娱乐），无跨界或多义词问题。2.套用8个经典判例比对：用户查询核心诉求是获取《甄嬛传》的经典台词（具体剧集+具体内容形式），而结果提供的是《琅琊榜》的角色权谋分析（不同剧集+不同内容形式）。这既不符合判例1-3的“同领域内容”（核心实体从《甄嬛传》变为《琅琊榜》，但诉求也从“台词”变为“分析”，发生了双重偏移），也不符合判例4-6的“场景衍生”（核心实体已完全替换）。同时，不符合判例7-8的“丢词搜不准”（丢失的是核心实体“甄嬛传”而非修饰词）。3.得出最终结论：核心实体（剧集）和核心诉求（内容形式）均发生根本性变化，属于宏观领域一致但完全不匹配的具体内容。,90,False,False
